type,place,city,district,desc,pic_Link,location_link,average spending(per_person)
Activities,Alive Museum and Dynamic Maze,Seoul,,,,,300-500
Activities,Everland,Seoul,,,,,"990-1,100"
Activities,Han River Kayak and Paddle Boarding,Seoul,,,,,250-500
Activities,JIMJILBANG,Seoul,,,,,"250-1,000"
Activities,Lotte World,Seoul,,,,,"500-1,300"
Activities,Yongma waterfall park,Seoul,,,,,Free
Airport,Incheon Airport,Seoul,Incheon,ท่าอากาศยานสากลอินเชียน (Incheon International Airport) เป็นท่าอากาศยานที่ใหญ่ที่สุดในประเทศเกาหลีใต้ และเป็นท่าอากาศยานหลักในพื้นที่เซอร์วัลและโซล (Seoul Capital Area) นอกจากนี้ยังเป็นหนึ่งในท่าอากาศยานที่ใหญ่และคนเยอะที่สุดในโลกด้วย ตั้งแต่ปี 2021 ท่าอากาศยานนี้ได้รับการจัดอันดับโดย Skytrax เป็นท่าอากาศยานที่ดีที่สุดในโลกอันดับที่ 4,https://media.timeout.com/images/105930201/image.jpg,https://goo.gl/maps/MCH8j59893qX1HKdA,
Cafe,Cafe Camptong,Seoul,,,,,250-500
Cafe,Cafe Onion Anguk,Seoul,,,,,140-500
Cafe,DuDuri Dupang,Seoul,,,,,250-500
Cafe,Saddler H.,Seoul,,,,,80-500
Cafe,T(ER) T(ER),Seoul,,,,,120-400
Cafe,The forest choso chaekbang,Seoul,,,,,250-500
Festival&Event,Boryeong Mud Festival,Seoul,,,,,230-310
Festival&Event,Hi Seoul Festival,Seoul,,,,,Free
Festival&Event,Insadong festival,Seoul,,,,,Free
Festival&Event,Seoul International Fireworks Festival,Seoul,,,,,Free
Festival&Event,Seoul Lantern Festival,Seoul,,,,,Free
Historic site,Alive Museum Insadong,Seoul,Jongno-gu,"พิพิธภัณฑ์ศิลปะมีชีวิตที่อินซาดง(Insa-dong Alive Museum) ครอบคลุมพื้นที่กว่า 1,280 ตารางเมตรในย่านอินซาดง ซึ่งเป็นสถานที่รวบรวบประวัติศาสตร์และบรรยากาศอันทันสมัยผสมผสานกันได้อย่างลงตัว รวมถึงนิทรรศการศิลปะภาพลวงตา สื่อดิจิตอล และผลงานอื่นๆอีกมากกว่า 100 ชิ้น ซึ่งภายในแบ่งออกเป็น 2 ชั้น คือชั้นใต้ดินระดับ 1 กับ 2 โดยผู้เข้าชมจะสามารถใช้จินตนาการและความคิดสร้างสรรค์โพสท่าทางให้สอดคล้องกับรูปภาพ เหมาะสำหรับทุกเพศทุกวัย โดยเฉพาะกับกลุ่มเพื่อน ครอบครัว และคู่รัก รับรองว่าได้รับรอยยิ้มและเสียงหัวเราะกันทุกคนเลย",https://a.lnwpic.com/xupb3x.jpg,Alive Museum - Google Maps,-
Historic site,Arario Museum,Seoul,Jongno-gu,Arario มีหอศิลป์ที่อยู่ติดกับ MMCA Seoul และมีหอศิลป์อื่น ๆ อยู่ตามแนว Samcheong-ro พิธีกรทุกคนประจำการจัดนิทรรศการฟรีของศิลปินทั้งในประเทศและต่างประเทศ ที่เคารพนับถือมากที่สุดคือแกลเลอรี่ฮุนไดซึ่งเป็น บริษัท แรกที่เปิดให้บริการในปีพ. ศ. 2513 ซึ่งเป็นช่วงเวลาที่ศิลปินหลายคนแสดงถึง,https://t1.daumcdn.net/cfile/tistory/243CCF3957E0E20C09,Arario Museum - Google Maps,300-400
Historic site,Blue House,Seoul,Jongno-gu,ทำเนียบประธานาธิปดีเกาหลีใต้ มีอีกชื่อหนึ่งว่า “ชองวาแด Cheong Wa Dae” ชื่อนี้ถูกตั้งมาจากหลังคาของอาคารซึ่งมุงด้วยกระเบื้องสีฟ้าอ่อนทั้งหลัง ทำให้อาคารมีความโดดเด่นเนื่องจากสีฟ้าของหลังคา ตัดกับฉากหลังซื้อเป็นภูเขาพูกักซานสีเขียวเข้ม เป็นทัศนียภาพที่สวยงามเป็นอย่างยิ่ง,https://3.bp.blogspot.com/-HG245fnE_MY/VevJP0LCX4I/AAAAAAAAnu0/Tfgk4VX32eE/s1600/1220010122.jpg,บ้านบลูเฮาส์ - Google Maps,-
Historic site,Bukchon Hanok Village,Seoul,Jongno-gu,หมู่บ้านบุคชอนฮันอ๊ก เป็นอีกหนึ่งสัญลักษณ์ของเกาหลี ท่ามกลางตึกรามบ้านช่องที่ทันสมัยของกรุงโซลนั้น หมู่บ้านแห่งนี้ก็ยังคงรักษาอาคารบ้านเรือนในสมัยโบราณ มีกลิ่นอายของเกาหลีในยุคเก่าแก่ เหมาะสำหรับคนที่ชอบสถานที่ท่องเที่ยวเชิงประวัติศาสตร์ หมู่บ้านบุกชอนฮันอกถือเป็นสถานที่ท่องเที่ยวอีกแห่งหนึ่งที่เมื่อนักท่องเที่ยวได้ไปเยือนแล้ว จะได้พบกับบ้านของขุนนางระดับสูงของเกาหลีในสมัยก่อน ภายในหมู่บ้านมีอาคารแบบดั้งเดิมของเกาหลีกว่า 100 หลัง,https://a.cdn-hotels.com/gdcs/production34/d1158/023da96d-32b2-4e9a-9f89-027267e196f2.jpg?impolicy=fcrop&w=800&h=533&q=medium,หมู่บ้านบุกชอนฮันอก - Google Maps,Free
Historic site,Changdeokgung Palace,Seoul,Jongno-gu,"พระราชวังชางด็อกกุง หรือที่รู้จักกันดีของคนเกาหลีว่า เป็นพระราชวังลำดับที่สองที่ถูกสร้างขึ้นต่อจาก พระราชวังเคียงบกกุง (GYEONGBUKGUNG PALACE) ในปี ค.ศ. 1405 เป็นที่พักของพระมหากษัตริย์หลายพระองค์ในสมัยราชวงศ์โชซอน และยังเป็น 1 ใน 5 ของพระราชวังสำคัญที่ยังคงถูกดูแลรักษาเอาไว้ ภายในประกอบไปด้วย พระราชฐานชั้นนอก, พระราชฐานชั้นใน และยังมีสวนที่ตั้งอยู่ด้านหลังของพระราชวัง ที่ถูกสร้างขึ้นเพื่อเป็นสถานที่พักผ่อนของเหล่าพระมหากษัตริย์ มีต้นไม้ขนาดใหญ่ยักษ์ อายุกว่า 300 ปีมาแล้ว",https://f.ptcdn.info/440/038/000/nzk1k49h2kqA4TN111q-o.jpg,พระราชวังชางด๊อกกุง - Google Maps,80-140
Historic site,Cheonggyecheon,Seoul,Jongno-gu,เป็นลำธารที่ไหลผ่านใจกลางกรุงโซล (Seoul) (Seoul) ซึ่งเป็นพื้นที่พักผ่อนหย่อนใจที่ทันสมัย และเป็นอีกหนึ่งสถานที่ท่องเที่ยวยอดนิยม สำหรับนักท่องเที่ยวทั้งในและต่างประเทศ,https://media.tacdn.com/media/attractions-splice-spp-674x446/0b/27/89/61.jpg,https://maps.app.goo.gl/Wtc9imwCNSHC88DFA,Free
Historic site,Cheonggyecheon Museum,Seoul,Seongdong-gu,Cheonggyecheon Museum นั้นเป็นพิพิธภัณฑ์ที่จัดเเสดงเรื่องราวต่างๆ ที่เกี่ยวข้องกับคลองชองกแยซอน โดยอยู่ในย่านซองดง เเละตั้งอยู่ริมคลองเลย ซึ่งหากคุณอยากจะรู้ถึงที่มาที่ไปของคลองเเห่งนี้ต้องไม่พลาดมาเที่ยวชมยังพิพิธภัณฑ์เเห่งนี้เเล้วคุณจะเข้าใจเป็นอย่างดีถึงการสร้างคลองนี้ขึ้นมาได้อย่างไร,https://www.sarakadeelite.com/wp-content/uploads/2021/03/Cheonggyecheon3.jpg,พิพิธภัณฑ์คลองชองเกชอน - Google Maps,120-230
Historic site,Deoksugung Palace,Seoul,Jung-gu,พระราชวังถ็อกซูกุง (Deoksugung Palace) ตั้งอยู่ที่หัวมุมสี่แยกใจกลางเมืองที่คึกคักที่สุดของกรุงโซล ซึ่งเป็นเพียงพระราชวังแห่งเดียวที่ล้อมรอบด้วยอาคารสไตล์ตะวันตกที่เพิ่มความเป็นเอกลักษณ์ของทิวทัศน์ได้ เป็นพระราชวังที่เล็กที่สุดในบรรดา 5 พระราชวังของเกาหลี มีจุดเด่นคืออาคารภายในพระราชวังนั้นเป็นการผสมผสานระหว่างวัฒนธรรมเกาหลีและวัฒนธรรมตะวันตก,"https://res.klook.com/image/upload/c_fill,w_750,h_560/q_80/w_80,x_15,y_15,g_south_west,l_Klook_water_br_trans_yhcmh3/activities/yprbox8bamhljqphkksk.jpg",พระราชวังต๊อกซู - Google Maps,15-25
Historic site,Dongdaemun history museum,Seoul,Jung-gu,"เป็นทั้งสวนสาธารณะและสถานที่รวบรวมวัฒนธรรมความเป็นมาของเกาหลีใต้และซากปรักหักพังโบราณที่ขุดพบเจอตอนก่อสร้างสวนสาธารณะแห่งนี้ โดยมีการเก็บรักษาไว้เพื่อจัดแสดงให้แก่ผู้ที่เข้ามาเยี่ยมชม วัตถุโบราณที่ขุดพบเจอนั้น ยกตัวอย่างเช่น Joseon Baekja (เครื่องเคลือบเซรามิคสีขาวราชวงศ์โซซอน), Buncheong Sagi (เซรามิคผงสีเทาเทา) และอื่นๆอีกมากมายที่ค้นพบ ราวๆ 2,778 กว่าชิ้น จากสมัยราชวงศ์โซซอนผ่านยุคอาณานิคมของญี่ปุ่น และวัตถุโบราณที่ค้นพบทุกชิ้นจะได้รับการบูรณะ รักษาเป็นอย่างดีนำมาจัดแสดงในพิพิธภัณท์ Dongdaemun history museum",https://live.staticflickr.com/65535/48966437893_e5057f1e50_b.jpg,Dongdaemun History Museum - Google Maps,-
Historic site,Gyeongbokgung Palace,Seoul,Jongno-gu,"ที่นี่เป็นถึงพระราชวังที่เก่าแก่และใหญ่ที่สุดในกรุงโซล สร้างขึ้นเมื่อปี ค.ศ. 1394 ในสมัย พระเจ้าแทโจแห่งโชซอน (Taejo of Joseon) ปฐมกษัตริย์แห่งราชวงศ์โชซอน (Joseon Dynasty) ด้วยทำเลที่ตั้งอยู่ตรงหน้า ภูเขาบูกักซาน (Bugaksan Mountain) ทางทิศเหนือของกรุงโซล จึงเสริมให้พระราชวังแห่งนี้ดูยิ่งใหญ่ และงดงามเจิดจรัส สมชื่อ พระราชวังคยองบกกุง ที่มีความหมายว่า ""พระราชวังแห่งพรอันแสงสว่าง""",https://www.korea.net/upload/content/editImage/20211021141222220_8I266MKM.jpg,พระราชวังเคียงบก - Google Maps,40-80
Historic site,Jongmyo Shrine,Seoul,Jongno-gu,ศาลเจ้าชงมโย (Jongmyo Shrine) สถานที่สำคัญทางประวัติศาสตร์อีกที่หนึ่งในสมัยราชวงศ์โชซอน สร้างขึ้นในปี ค.ศ.1394 สมัยของพระเจ้าแทโจ กษัตริย์ลำดับที่ 1 แห่งราชวงศ์โชซอน สร้างขึ้นเพื่อใช้เป็นสถานที่สำหรับประกอบพิธีบวงสรวงดวงวิญญาณของกษัตริย์และพระราชินีในสมัยราชวงศ์โชซอน และศาลเจ้าแห่งนี้ถือเป็นแหล่งมรดกโลกทางวัฒนธรรมที่สำคัญของเกาหลีใต้อีกด้วย,https://a.cdn-hotels.com/gdcs/production44/d148/9975a09f-40ee-4b59-b5ca-0238bf0c6a33.jpg,ศาลเจ้าชงมโย - Google Maps,-
Historic site,Leeum Museum of Art,Seoul,Yongsan-gu,"พิพิธภัณฑ์ศิลปะลีอุมซัมซุง(Leeum, Samsung Museum of Art) จัดแสดงนิทรรศการศิลปะของเกาหลีทั้งแบบดั้งเดิมและทันสมัย ซึ่งเป็นผลงานจากศิลปินเกาหลีและศิลปินต่างประเทศ อาคารทั้งสามหลังออกแบบโดยสถาปนิกที่มีชื่อเสียงระดับนานาชาติ ได้แก่ Mario Botta, Jean Nouvel และ Rem Koolhaas",https://www.larryslist.com/artmarket/wp-content/uploads/Samsung_Leeum_Museum_of_Art_Seoul.jpeg,https://maps.app.goo.gl/qYqtocAVeQYt9wJz8,300-400
Historic site,Lotte World Folk Museum,Seoul,Songpa-gu,"เป็นแหล่งเรียนรู้ประวัติศาสตร์เกาหลีอันยาวนานถึง 5,000 ปี ถูกออกแบบมาให้ชาวต่างชาติได้สนุกสนานไปกับวัฒนธรรมและประวัติศาสตร์ของชาติ ผ่านอนิเมชั่น และโมเดลจำลองต่างๆ อีกทั้งยังเป็นที่ที่เราจะได้ชมศิลปะวัฒนธรรมที่สำคัญ เช่น การแสดงดนตรีแบบดั้งเดิม การเต้นรำ และพิธีกรรมการแต่งงานแบบดั้งเดิมของเกาหลี เป็นต้น",https://dynamic-media-cdn.tripadvisor.com/media/photo-o/0a/e1/20/b6/miniature-city.jpg?w=1200&h=-1&s=1,Lotte World Folk Museum - Google Maps,80-200
Historic site,MMCA (National Museum of Modern and Contemporary Art) Seoul,Seoul,Jongno-gu,จัดแสดงผลงานศิลปะแบบสมัยใหม่(Modern Art)และแบบร่วมสมัย(Contemporary Art)ของศิลปินชาวเกาหลีและนานาชาติที่มีชื่อเสียง ตั้งอยู่ที่เมือง Gwacheon ด้านในของพิพิธภัณท์จะมีทั้งโซนจัดแสดงผลงานแบบถาวรซึ่งสามารถเข้าชมได้ฟรี และโซนจัดแสดงผลงานแบบชั่วคราวซึ่งจะแสดงครั้งละ 3-4 เดือน ผลัดเปลี่ยนหมุนเวียนกันไป ซึ่งจะมีค่าเข้าชมไม่เท่ากันแล้วแต่งานนิทรรศการที่จัด รวมกันอยู่ภายในอาคาร 3 ชั้น,https://www.mmca.go.kr/asset/images/preview/img_edu_program01.png,MMCA (National Museum of Modern and Contemporary Art) Seoul - Google Maps,-
Historic site,National Folk Museum,Seoul,Jongno-gu,"พิพิธภัณฑ์พื้นบ้านแห่งชาติเกาหลี (National Folk Museum of Korea) ตั้งอยู่ในบริเวณพื้นที่ของพระราชวังเคียงบก สร้างขึ้นเมื่อสมัยพระเจ้าโชซอน และเปิดให้เข้าชมในปี ค.ศ. 1975 เป็นพิพิธภัณฑ์ที่ใช้เก็บรวบรวมผลงานศิลปวัตถุ และมรดกแห่งชาติไว้กว่า 11,000 ชิ้น ซึ่งทั้งหมดล้วนเกี่ยวข้องกับวิถีชีวิตและวัฒนธรรมของชาวเกาหลี ภายในพิพิธภัณฑ์จะแบ่งส่วนการแสดงผลงานทั้งหมดออกเป็น 3 โซน ได้แก่ โซนประวัติศาสตร์ความเป็นมาของชนชาติเกาหลี โซนวิถีการดำรงชีวิตของชนชาติเกาหลี และโซนวัฏจักรชีวิตของคนเกาหลีตั้งแต่เกิดจนกระทั่งเสียชีวิต",https://www.dplusguide.com/wp-content/uploads/2018/06/%E0%B8%9E%E0%B8%A3%E0%B8%B0%E0%B8%A3%E0%B8%B2%E0%B8%8A%E0%B8%A7%E0%B8%B1%E0%B8%87%E0%B8%9E%E0%B8%B7%E0%B9%89%E0%B8%99%E0%B8%9A%E0%B9%89%E0%B8%B2%E0%B8%99%E0%B9%81%E0%B8%AB%E0%B9%88%E0%B8%87%E0%B8%8A%E0%B8%B2%E0%B8%95%E0%B8%B4%E0%B9%80%E0%B8%81%E0%B8%B2%E0%B8%AB%E0%B8%A5%E0%B8%B5-National-Folk-Museum.jpg,พิพิธภัณฑ์พื้นบ้านแห่งชาติเกาหลี - Google Maps,-
Historic site,Seoul Arts Center,Seoul,Seocho-gu,Seoul Arts Center นั้นเป็นศูนย์ศิลปะที่มีขนาดใหญ่อย่างมากในย่านซอโซ กลางกรุงโซ เเละเป็นศูนย์ศิลปะที่ติดอันดับ 1 ใน 10 ของโลกเลยทีเดียว ซึ่งภายในนั้นจะจัดเเสดงศิลปะทุกเเขนงที่มีความเกี่ยวข้องกับวัฒนธรรมเกาหลี ทำให้สถานที่เเห่งนี้เป็นอีกจัดที่มีนักท่องเที่ยวให้ความสนใจมาเที่ยวชมกัน เพราะเเค่ลักษณะของตัวอาคารภายนอกนั้นก็เรียกความสนใจได้เป็นอย่างมากเเล้ว,https://ak.jogurucdn.com/media/image/p25/place-2014-10-20-15-865c092a3af77d2ebe84aa3bf3eee277.jpg,Seoul Arts Center - Google Maps,
Historic site,Seoul Museum of History,Seoul,Jongno-gu,เป็นสถานที่สำคัญ ที่จัดแสดงเกี่ยวกับประวัติศาสตร์และวัฒนธรรมชองกรุงโซล ในยุคก่อนประวัติศาสตร์จนถึงปัจจุบัน โดยจุดมุ่งหมายคือ เพื่อรักษาวัฒนธรรมดั้งเดิมของเมืองให้คนรุ่นหลังได้ศึกษาประวัติความเป็นมา ให้เป็นเอกลักษณ์ทางวัฒธรรม เป็นการรักษามรดกทางวัฒนธรรมเพื่อให้ประชาชนได้เข้าใจลึกซึ้งมากยิ่งขึ้น ทั้งยังมีโปรแกรมการศึกษา และฝึกอบรมศิลปะแบบดั้งเดิมด้วย พิพิธภัณฑ์ได้รับการบูรณะและปรับปรุงให้ทัยสมัยบนอาคารสูงถึง 3 ชั้น บริเวณชั้น 3 จะจัดแสดงเกี่ยวกับราชวงศ์โซลซอน ชั้นที่ 2 จะจัดแสดงเกี่ยวกับวิถีชีวิตของชาวเกาหลี รวมถึงภาพถ่ายของสถานที่สำคัญของกรุงโซลในอดีตจนถึงปัจจุบัน และชั้นที่ 1 มีสิ่งอำนวยความสะดวกหลายอย่าง เช่น ร้านขายของที่ระลึก และสินค้าทางวัฒนธรรม มุมสำหรับเด็กๆ ร้านอาหาร คอฟฟี่ช๊อป และในการจัดการแสดง,https://res.heraldm.com/content/image/2022/06/21/20220621000589_0.jpg,Seoul Museum of History - Google Maps,
Historic site,Sungkyunkwan University,Seoul,Jongno-gu,มหาวิทยาลัยซุงคยุนกวาน(Sungkyunkwan University) เป็นมหาวิทยาลัยที่เก่าแก่และมีการอนุรักษ์สถาปัตยกรรมในยุดโชซอนเป็นอย่างดี ทำให้ได้รับเลือกเป็นสถานที่ถ่ายทำซีรีย์ชื่อดังอย่าง Sungkyunkwan Scandal หรือชื่อไทยว่า “บัณฑิตหน้าใส หัวใจว้าวุ่น” และยังเปิดให้ผู้ที่สนใจเกี่ยวกับสถาปัตยกรรมโบราณหรือนักท่องเที่ยวต่างๆสามารถเข้าชมได้,https://image.dek-d.com/27/0934/4301/132555095,"https://www.google.co.th/maps/place/%E0%B8%A1%E0%B8%AB%E0%B8%B2%E0%B8%A7%E0%B8%B4%E0%B8%97%E0%B8%A2%E0%B8%B2%E0%B8%A5%E0%B8%B1%E0%B8%A2%E0%B8%8B%E0%B8%B8%E0%B8%87%E0%B8%84%E0%B8%A2%E0%B8%B8%E0%B8%99%E0%B8%81%E0%B8%A7%E0%B8%B2%E0%B8%99/@37.576034,126.9844771,17z/data=!4m6!3m5!1s0x357ca2d4cdb87315:0x5b2b20a2005c6114!8m2!3d37.588227!4d126.993606!16zL20vMDNkNDF4?hl=th&entry=ttu",-
Historic site,The National Museum of Korea,Seoul,Yongsan-gu,เป็นพิพิธภัณฑ์ที่ใหญ่ที่สุดของเกาหลี ซึ่งเล่าเรื่องราวประวัติศาสตร์ที่น่าสนใจตั้งแต่สมัยโบราณจนกระทั่งถึงยุคปัจจุบัน นอกเหนือจากแกลเลอรี่ที่เป็นชิ้นงานทั้งระดับชาติและจากต่างประเทศ พิพิธภัณฑ์แห่งนี้ยังเป็นศูนย์กิจกรรมทางวัฒนธรรมที่เกี่ยวข้อง ให้ผู้เข้าชมทุกเพศทุกวัยได้มีโอกาสมีส่วนร่วมเพื่อศึกษาวัฒนธรรมเกาหลีได้อย่างมีคุณภาพ,https://media-cdn.tripadvisor.com/media/photo-s/0d/9e/0c/6b/national-museum-of-korea.jpg,พิพิธภัณฑสถานแห่งชาติเกาหลี - Google Maps,-
Historic site,Unhyeongung Royal Residence,Seoul,Jongno-gu,เป็นหนึ่งในสถานที่เที่ยวในโซลที่น่าสนใจเพราะเป็นพระราชวังที่มีประวัติศาสตร์อันยาวนาน ตั้งอยู่ใจกลางโซลใกล้กับสถานีตำรวจและศูนย์วัฒนธรรมญี่ปุ่น ในอดีตเคยเป็นที่ประทับของพระเจ้าโกจงในครั้งทรงพระเยาว์ ซึ่งเมื่อเติบโตขึ้นก็ได้ขึ้นครองราชย์เป็นกษัตริย์ และพระราชวังแห่งนี้ก็ยังคงใช้เป็นที่ประทับของราชวงศ์,https://f.ptcdn.info/286/030/000/1428826229-DSC04781-o.jpg,พระราชวังอึนเฮียนกุง - Google Maps,-
Historic site,,Seoul,,,,,
Historic site,,Seoul,,,,,
Historic site,,Seoul,,,,,
Historic site,,Seoul,,,,,
Historic site,,Seoul,,,,,
Historic site,,Seoul,,,,,
Historic site,,Seoul,,,,,
Historic site,,Seoul,,,,,
Historic site,,Seoul,,,,,
Historic site,,Seoul,,,,,
Hotel,Mondrian Seoul Itaewon,Seoul,Itaewon,Mondrian Seoul Itaewon เป็นจุดหมายที่รายล้อมด้วยแหล่งไลฟ์สไตล์ เติมพลังด้วยการออกแบบแน่นหนักและน่าดึงดูด พร้อมแนวคิดที่ร่าเริงสดใส เราได้สร้างประสบการณ์ใหม่ตั้งแต่การรับประทานอาหารและการสังสรรค์ ไปจนถึงร้านค้าปลีกและการดูแลสุขภาพในสภาพแวดล้อมที่พัฒนาจากกลางวันสู่กลางคืน ห้องพักและห้องสวีทสุดหรูทั้ง 295 ห้องได้รับการออกแบบใหม่โดย Asylum ผู้เชี่ยวชาญด้านการตกแต่งภายในจากสิงค์โปร์ที่ได้รับรางวัล เพื่อรับรองว่าการเข้าพักของคุณจะทั้งทันสมัยและสะดวกสบาย เพลิดเพลินกับช่วงเวลาสมบูรณ์แบบกับสถานที่ชอบในเวลาที่ใช่!,https://images.adsttc.com/media/images/61bc/773d/1c01/5938/dc69/a4bd/large_jpg/16-external-view-3-dsf0440.jpg?1639741297,Mondrian Seoul Itaewon - Google Maps,"6,000-29,000"
Natural,Deoksugung Palace,Seoul,,,,,
Restaurant,Andong Jjimdak,Seoul,jongno-gu,Andong Jjimdak เป็นร้านอาหารเกาหลีพื้นเมืองที่เสิร์ฟไก่ผัดซอสซีอิ๊วดำวุ้นเส้น หรือที่คนเกาหลีเรียกว่า จิมดัก ที่มีรสชาติความอร่อยคล้ายๆ กับผัดวุ้นเส้นบ้านเราแต่ยังคงความเหนียวของเส้นและเนื้อไก่หมักซอสที่มีความเข้มข้นเข้าไปถึงเนื้อ แถมยังถูกตัดเลี่ยนด้วยรสชาติความเผ็ดที่กำลังทานแบบพอดี เพื่อเพิ่มรสชาติความอร่อยให้กลมกล่อมมากยิ่งขึ้น ทำให้เป็นหนึ่งในอาหารเกาหลีที่ถูกปากคนไทยเป็นอย่างมาก,https://www.chilloutkorea.com/wp-content/uploads/2020/02/Andong-Jjimdak01.png,Andong Jjimdak - Google Maps,"800-1,000"
Restaurant,BBQ Olive chicken,Seoul,Yongsan-gu,,"https://mp-seoul-image-production-s3.mangoplate.com/483044/743008_1648298429661_73730?fit=around|512:512&crop=512:512;*,*&output-format=jpg&output-quality=80",https://maps.app.goo.gl/7mMxeoBUq3WkRBQ26,"450-1,700"
Restaurant,Cafe Camptong,Seoul,Gangnam-gu,,https://images.nomadterrace.com/spaces/c75a9c88-87a6-11ed-bf02-0a58a9feac02.jpg,https://maps.app.goo.gl/Q1Pho9Po9oP1wwfB8,450-800
Restaurant,Chuncheon Bonga Dakgalbi,Seoul,jongno-gu,"Chuncheon Bonga Dakgalbi ซึ่งเป็นร้านไก่ย่าง 3 สี ที่อยู่บนเตาถ่าน ส่งกลิ่นหอมอบอวลไปทั่วร้าน จนทำให้ใครหลายคนอดใจไม่ไหวจนต้องเดินเข้าไปลิ้มลองรสชาติด้วยตนเอง โดยไก่ 3 สีที่ว่านี้จะถูกเสิร์ฟมาเป็นชุด ชุดละประมาณ 36,000 วอน ประกอบไปด้วย ไก่ย่างเกลือ, ไก่หมักซีอิ๊ว และไก่ซอสพริก ที่มีความนุ่มละมุนไปทั้งปาก เนื่องจากเนื้อไก่ที่ถูกหมักจนได้ที่และรสชาติที่มีความกลมกล่อม ปิ้งไปทานไปได้อย่างเพลิดเพลิน ซึ่งร้านนี้ถูกตั้งอยู่บนถนนทัคคาลบี้ เมืองชุนชอน หากใครมีโอกาสได้ไปเที่ยวแถวนั้น ก็สามารถลองแวะชิมความอร่อยกันได้",https://mp-seoul-image-production-s3.mangoplate.com/484521/2133668_1649493866053_2487,Naejadong Chuncheon Dakgalbi - Google Maps,300-450
Restaurant,Daehangak,Seoul,Itaewon,Daehangak ร้านอาหารจีนเก่าแก่เริ่มกิจการปี1982 ตกทอดมา3รุ่น ยังคงรักษามาตรฐานและรสชาติ เมนูอาหารจีนเน้นโปรตีนและผักเพื่อสุขภาพ ใช้พืชผลที่ส่งตรงจากฟาร์มปลูกในเมืองอิชอน เห็นจัมปงแล้วทนไม่ไหว ปักหมุดไว้สาขาฮัปจง,https://media-cdn.tripadvisor.com/media/photo-p/0c/b7/39/33/photo0jpg.jpg,Daehangak - Google Maps,200-800
Restaurant,Egg Drop,Seoul,Mapo-gu,,https://search.pstatic.net/common/?autoRotate=true&quality=100&type=f640_380&src=https%3A%2F%2Fldb-phinf.pstatic.net%2F20200123_131%2F1579741054902umiWc_JPEG%2FFrZbRvnuAMkbpn7Zq0klfpvE.jpg,https://maps.app.goo.gl/nnN4dovtePYeTCzn9,20-90
Restaurant,EONGTEORI SANGGOGI,Seoul,Myeongdong,엉터리생고기 (อองทอรี เซงโคกี) เป็นร้านเฟรนไชส์หมูสามชั้นย่างที่มีสาขาอยู่ทั่วประเทศ รวมถึงทั่วกรุงโซล เมื่อไม่นานมานี้ ทีมงานจะไปเกาหลี มีโอกาสได้ไปชิมที่สาขามยองดง (Myeongdong) หรือ เมียงดง สถานที่ท่องเที่ยวยอดนิยมของคนไทย และชาวต่างชาติที่จะมาช็อปปิ้งเลือกซื้อสินค้า เลยคิดว่าน่าจะมีประโยชน์มากๆสำหรับใครที่กำลังมองหาที่กินข้าวหลังจากเดินช็อปปิ้งที่มยองดง สายหมู สายหิว น่าจะเป็นอีกหนึ่งทางเลือก…,"https://mp-seoul-image-production-s3.mangoplate.com/added_restaurants/515428_1476884978418793.jpg?fit=around|640:300&crop=640:300;*,*&output-format=jpg&output-quality=80",EONGTEORI SAENGGOGI - Google Maps,400-950
Restaurant,Gwangjang Market,Seoul,jongno-gu,Gwangjang Market เป็นอีกหนึ่งตลาดเก่าแก่อายุกว่า 100 ปีที่สำคัญในกรุงโซล ที่นี่เป็นตลาดถาวรแห่งแรกในเกาหลีและยังคงเฟื่องฟูในฐานะสถานที่ท่องเที่ยวยอดนิยม ชื่อ ‘ควังจา’ หมายถึง ‘รวบรวมจากระยะไกลและเก็บไว้’ตลาดควังจัง เริ่มต้นจากการเป็นศูนย์กลางการค้าขนาดเล็กที่รวบรวมสินค้าจากพื้นที่ใกล้เคียง พัฒนามาเรื่อยจนกลายเป็นตลาดค้าส่งจัดจำหน่ายสินค้าหลายประเภท ทั้งของชำ ของแห้ง ของสด รวมถึงสินค้าพื้นเมืองอื่นๆ,https://ak-d.tripcdn.com/images/1i60c22348ay62dqoBDA3.jpg?proc=source/trip,Gwangjang Market - Google Maps,200-700
Restaurant,Hong's Jjukkumi,Seoul,Hongdae,ฮงโจกกุมิ (Hong's Jjukkumi) เป็นอาหารเกาหลีที่มีหมึกหมักอยู่ในหม้อ ซึ่งเป็นอาหารที่อร่อยและเป็นที่นิยมในเกาหลีใต้ หมึกที่ใช้ในอาหารนี้มีขนาดเล็กและถูกหมักในซอสที่มีรสชาติหวานเผ็ด รสชาติเปรี้ยว และมีความเค็มน้อยนิด ซึ่งทำให้เสริฟได้มีรสชาติที่หลากหลายและความกรอบที่น่าตื่นเต้น การเสิร์ฟฮงโจกกุมินี้มักจะมาพร้อมกับเครื่องปรุงที่หลากหลาย เช่น น้ำจิ้มหมู น้ำจิ้มซอสต่างๆ หรือผักสดที่เสริฟพร้อมกับอาหาร ซึ่งทำให้เป็นอาหารที่เป็นที่นิยมในวงกว้างในประเทศเกาหลีและอาจพบได้ในร้านอาหารเกาหลีในประเทศอื่นๆ ด้วย,https://mushroomtravelpage.b-cdn.net/wp-content/uploads/2019/11/131987186_1602092863318101_7344928124521846964_n-1024x1024.jpg,홍스쭈꾸미 홍대본점 ปลาหมึกผัดเผ็ด - Google Maps,200-400
Restaurant,Hongdae Gaemi,Seoul,Hongdae,"ร้านอาหาร ฮงแด แกมี ที่ตั้งอยู่ที่สาขา Shinchon ซึ่งเป็นร้านที่มีความโดดเด่นในเมนูข้าวหน้าเนื้อย่างเกาหลี ที่ถูกเสิร์ฟมาพร้อมขนาด 1 ปอนด์ ในราคาเพียง 15,000 วอน หรือคือเป็นเงินไทยอยู่ที่ 450 บาท โดยความพิเศษของข้าวหน้าเนื้อของร้านแห่งนี้ก็คือ การเสิร์ฟเนื้อที่มีความสดใหม่เพียงวันละ 10 ชามเท่านั้น หากใครมาก่อนก็ได้ก่อน ไม่มีการจองล่วงหน้าใดๆ ทั้งสิ้น เพราะฉะนั้นแล้วใครเป็นนักชิมสายเนื้อก็ไม่ควรพลาดเป็นอย่างมาก",https://www.uncledeng.com/wp-content/uploads/2019/08/Hongdae-Gaemi07.jpg,"https://www.google.co.th/maps/place/Hongdae+Gaemi/@37.5616991,126.9628413,14z/data=!4m10!1m2!2m1!1sHongdae+Gaemi!3m6!1s0x357ca5a7a78be06d:0xcc38ce240b4c385c!8m2!3d37.538909!4d127.0712862!15sCg1Ib25nZGFlIEdhZW1pWg8iDWhvbmdkYWUgZ2FlbWmSARNqYXBhbmVzZV9zdGVha2hvdXNl4AEA!16s%2Fg%2F11fvgmd255?hl=th&entry=ttu",450-800
Restaurant,Itaewon Market Street,Seoul,Itaewon,Itaewon Market ที่เต็มไปด้วยเสน่ห์ของกรุงโซลและเสน่ห์น่าตื่นตาตื่นใจของประเทศไทย! ตั้งอยู่ใจกลางกรุงโซล ประเทศเกาหลีใต้ ถนนนี้เป็นสถานที่ที่ชื่นชอบสำหรับคนรักอาหารและสาวกช้อปปิ้ง ให้บรรยากาศที่น่าทึ่งของวัฒนธรรมไทยและเกาหลีผสมผสานกันอย่างสุดเหวี่ยง,"https://media.cntraveler.com/photos/5a68bd9c33d3b6157a7bce89/4:3/w_5120,h_3840,c_limit/Namdaemun-Market-H99H0R.jpg",Itaewon Market - Google Maps,"100-1,000"
Restaurant,James Cheese,Seoul,Mapo-gu,สำหรับใครที่ชื่นชอบการทานชีสเป็นชีวิตจิตใจก็ต้องไม่พลาดกับการเดินทางมาปักหมุดกันที่ร้านอร่อยเกาหลีอย่าง James Cheese ที่ใครหลายคนอาจเคยได้ยินและมีโอกาสได้ไปลิ้มลองรสชาติกันที่สาขาในประเทศไทยกันมาบ้างแล้ว แต่มาถึงเกาหลีทั้งทีเราก็อยากแนะนำให้เพื่อนๆ ลองชิมรสชาติแท้จากเกาหลีกันสักหน่อย โดยจุดขายของร้านอาหารแห่งนี้อยู่ที่การนำชีสมาใส่ในกระทะร้อนเป็นร้านแรกๆ ทานพร้อมกับซี่โครงหมูรสจัดจ้านที่มีความหอมมัน และเผ็ดเข้าอย่างลงตัว ซึ่งในประเทศเกาหลีได้มีการเปิดมากกว่า 113+ สาขาด้วย ทำให้นักท่องเที่ยวสามารถเลือกทานสาขาที่ใกล้เคียงได้อย่างสะดวก,https://www.chilloutkorea.com/wp-content/uploads/2020/02/James-Cheese-01.png,James Cheese - Google Maps,400-500
Restaurant,Kkotdwaeji Gallery,Seoul,Mapo-gu,"เมื่อพูดถึงการเดินทางมาท่องเที่ยวที่ประเทศเกาหลีแล้วละก็พลาดไม่ได้เลยกับเมนู ปิ้งย่าง ที่เรียกได้ว่าเป็นของขึ้นชื่อของที่นี่เลยก็ว่าได้ ดังนั้นวันนี้เราจะขอพาทุกคนไปตะลุยกันที่ร้าน กด-ทเวจี-แกลลอรี่ ซึ่งถือได้ว่าเป็นร้านที่ฮิตมาในย่านฮงแด โดยภายในร้านจะเปิดให้บริการเป็นร้านบุฟเฟ่ต์ที่มีให้เลือกทั้งหมูสามชั้น ข้าวโพดชีส ทักคาลบิ รวมไปถึงเครื่องเคียงอีกมากมายในราคาเพียง 12,900 วอน และที่สำคัญร้านแห่งนี้ยังเปิดให้บริการแบบ 24 ชั่วโมงเลยทีเดียว ดังนั้นหมดห่วงได้เลยหากใครที่อยากมารับประทานมื้อดึกๆ ก็สามารถเดินทางมาได้ที่ร้านแห่งนี้เลย",https://images.squarespace-cdn.com/content/v1/5c311ba2697a98937f5a1a98/1641605629881-VPFQG4ZUZ83IABR2KX5V/Snow-Flower-Pork-Neck-at-Geumdwaeji-Sikdang-in-South-Korea-2.jpeg,Kkotdwaeji Gallery - Google Maps,400-501
Restaurant,Korea Mart,Seoul,myengdong,"Korean Mart คือซูเปอร์มาร์เก็ตเกาหลีที่มีสินค้าครอบคลุมตั้งแต่ขนม, เครื่องดื่ม, เครื่องปรุง, อาหารแช่แข็ง, อาหารพร้อมทาน ไปจนถึงของใช้ต่าง ๆ ที่นำเข้าจากเกาหลีใต้โดยเฉพาะ มีโมเดลธุรกิจแบบแฟรนไชส์ ตอนนี้กำลังเข้าสู่ปีที่ 3 กับจำนวนร้านสาขาที่มีมากถึงประมาณ 60 สาขา",https://c8.alamy.com/comp/2AF9HND/seoul-south-korea-december-6th-2019-myeongdong-district-at-evening-popular-site-for-cosmetic-and-beauty-2AF9HND.jpg,Korea Mart - Google Maps,150-700
Restaurant,Loun Shabu Shabu,Seoul,Hongdae,"รอุนชาบูชาบู คนรักชาบูต้องมาที่ร้าน Loun Shabu Shabu สาขาฮงแดแห่งนี้ ร้านดังที่มีหลายสาขา และคนเกาหลีชอบกันมาก ร้านนี้มีแต่เนื้อวัว เป็นบุฟเฟ่ต์ชาบู ทานได้ไม่อั้น นอกจากชาบูแล้วยังมีอาหารให้เลือกอีกหลายอย่าง เช่น ไก่ทอด เฟรนช์ฟราย ต็อกปกกี เป็นต้น มีซุปให้เลือก 5 แบบ: ดั้งเดิม, หม่าล่า, สไปซี่ แอนโชวี่และบุลโกกิและน้ำจิ้มก็มีให้เลือกมากมายเช่นกัน ปรุงเองได้ตามใจชอบ ทางร้านจะมีสูตรผสมให้ดูด้วย หลังอาหารมื้อหลักก็มีของหวานอย่างบิงซู ไอศกรีม และวาฟเฟิลโฮมเมด นอกจากชาบูแล้วยังมีปิ้งย่างอีกด้วย ส่วนราคาก็มีให้เลือกหลายแบบ เริ่มต้นหัวละ 17,900 วอน เอาใจสายกินที่อยากอร่อยแบบไม่อั้น มาร้านนี้บอกเลยว่าคุ้ม ร้านอาหาร ฮงแด",https://deemocdiy.com/wp-content/uploads/2023/01/120228908_2848428508776824_3457983808208260478_n-768x768-1.webp,Loun Shabu-Shabu & Salad Bar - Google Maps,700-800
Restaurant,MAMMAMIA,Seoul,jongno-gu,สายคาเฟ่ปักหมุดรัวๆ'MAMMAMIA' อยู่อัพกูจอง ร้านสวยมาก ขนมอร่อย มุมถ่ายรูปเพียบ ร้านนี้ดังมานานแล้วนะตอนนี้ก็ยังฮิตอยู่ เพราะนอกจากจะสวยแล้วขนมคือดีมากจริงๆ ร้านสีชมพูเด่นสุดในย่านนี้ มีทั้งดอกไม้ งานอาร์ตไรงี้ถ้าใครเคยไปร้าน Pink Mamma ที่ปารีส นี่ก็คือฟีลเดียวกันเลย,https://pbs.twimg.com/media/FK4eQBoVcAMdCtU.jpg,MAMMAMIA - Google Maps,100-500
Restaurant,Maple Tree House,Seoul,Itaewon,Maple Tree House เป็นร้านปิ้งย่างพรีเมียมสไตล์เกาหลีที่มาพร้อมบรรยากาศร่วมสมัย ตกแต่งด้วยกลิ่นอายดั้งเดิมให้เรารู้สึกเหมือนกำลังนั่งกินหมูสามชั้นอยู่ในเกาหลีใต้ แต่ถ้าหากใครเคยไปกินที่ร้านสาขาออริจินัล น่าจะนึกถึงขวดโซจูสีเขียวที่วางเรียงตกแต่งร้านได้เป็นอันดับแรก,https://media.timeout.com/images/105930201/image.jpg,Google Maps,"500-2,000"
Restaurant,Myeongdong Grandmather Noodles,Seoul,,,,,120-250
Restaurant,Myth Jokbal,Seoul,Myeongdong,อีกหนึ่งเมนูยอดฮิตของประเทศเกาหลีที่คุณไม่ควรพลาดมาลิ้มลองรสชาติกันนั้นก็คือ ร้าน Myth Jokbal ที่เปิดให้บริการเป็นร้านขายขาหมูที่มีให้เลือกเป็นเซตเมนูที่มีหลากหลายขนาดด้วยกันตั้งแต่ ขนาดเล็ก กลาง ใหญ่ โดยภายในจะประกอบไปด้วย ขาหมู ซุป สลัด กิมจิ และน้ำจิ้มที่ใช้ทานควบคู่ไปกับขาหมูได้เป็นอย่างดี เรียกได้ว่าเมนูนี้เป็นเมนูที่ได้รับความนิยมเป็นอย่างมาก เพราะฉะนั้นแนะนำเลยว่าหาากใครที่ยังไม่เคยลองรับประทานขาหมูแบบนี้แล้วละก็ ต้องมาลองดูสักครั้งเลยทีเดียว,https://spotthefood.files.wordpress.com/2017/03/e9ef5-img_0723.jpg,Myth Jokbal Myeongdong - Google Maps,250-500
Restaurant,Noryangjin Fisheries Wholesale Market,Seoul,Dongjak-gu,"ตลาดปลาแห่งใหญ่ของเกาหลี ใครมาที่นี่ ต้องมากินให้ได้! เพราะเค้ามีอาหารทะเลสด ๆ ราคาเบา ๆ ทั้งซาซิมิปลาคต่าง ๆ , ทั้งปู King crab, ทั้งปลาหมึกสด ๆ, หรือจะเป็นหอยประเภทต่าง ๆ ก็มีให้เราเลือกเยอะแยะมากมาย ก่อนอื่นขอแนะนำว่า เดินให้ทั่ว ๆ ก่อน แล้วเลือกซื้อร้านเดียว เราจะได้ของแถม หรือสามารถต่อราคาได้ เมื่อซื้อเสร็จแล้ว เค้าจะพาเราไปที่ชั้น 2 เพื่อทำอาหารและทานกัน","https://static.wixstatic.com/media/0505b9_468cd57dcea84b34b235de881fe4a04a~mv2.jpg/v1/fill/w_640,h_392,al_c,q_80,usm_0.66_1.00_0.01,enc_auto/0505b9_468cd57dcea84b34b235de881fe4a04a~mv2.jpg",https://maps.app.goo.gl/QeE1iZnhjTtS9Zma8,"650-2,100"
Restaurant,OUTDARK (아웃닭),Seoul,Hongdae,ถ้านึกถึง ชีแม็ก (치맥) หรือการกินไก่ทอดกับเบียร์แบบคนเกาหลี ให้นึกถึงร้านนี้ค่ะ OUTDARK อีกหนึ่งร้านแสนอร่อยใกล้ฮงแด เป็นร้านไก่ทอดเจ้าดังที่มีต้นกำเนิดจากปูซาน รสชาติอร่อยเป็นที่เลื่องลือ จนขยายสาขามากมาย ทั้งในเกาหลีและต่างประเทศ เมนูเด็ดของเค้าก็คือไก่ทอดหลายสไตล์ มีทั้งแบบธรรมดา หรือแบบคลุกซอสเกาหลี เสิร์ฟมาในจานใหญ่ พร้อมด้วยเฟรนช์ฟรายส์พูนๆ และท็อปปิ้งด้านบนด้วยแป้งต็อกทอด เห็นหน้าตาดูธรรมดาแต่บอกเลยว่าอร่อยมาก!! และยังมีซอสเพิ่มความอร่อยถึง 4 แบบ มาเกาหลี ทั้งทีต้องไม่พลาดเมนูนี้นะจ๊ะ,https://images.deliveryhero.io/image/fd-hk/LH/l4rs-hero.jpg,OUTDARK Hongdae Branch - Google Maps,300-500
Restaurant,SINSEON SEOLNONGTANG,Seoul,Myeongdong,ร้านนี้ที่เราแนะนำเป็นร้านที่มีชื่อเสียงมาก “ซอลลงทัง” หรือซุปกระดูกวัว เมนูนี้คนเกาหลีนิยมทานเป็นอาหารเช้า ปัจจุบันเปิดแฟรนไชส์มีหลายสาขา เมนูนี้จะเสิร์ฟพร้อมกับข้าวสวย 1 ถ้วย หากจะทานแบบคนเกาหลีก็คือให้เทข้าวลงไปในถ้วยซุป จากนั้นคนให้เข้ากันแล้วทาน น้ำซุปสีขาวข้นโรยด้วยหอมซอยนี้ได้มาจากเคี้ยวกระดูกวัวเป็นเวลานานจนมีรสชาติกลมกล่อม ส่วนเนื้อวัวในซุปก็เปื่อยมาก ไม่คาว อร่อยนุ่มเลยทีเดียว,https://www.dplusguide.com/wp-content/uploads/2017/07/SINSEON-SEOLNONGTANG-2-768x512.jpg,"https://www.google.co.th/maps/search/SINSEON+SEOLNONGTANG+/@37.5337979,126.9874691,17z?hl=th&entry=ttu",350-900
Restaurant,Two Plus Itaewon,Seoul,Itaewon,ร้านลับย่านเกาหลีที่เป็นร้นอาหารที่อร่อยและนักท่องเที่ยวต่างมาชิมที่ร้าน Two Plus Itaewon โดยเนื้อย่างเป็นเมนู Signature ของเราเลย,Two Plus - Google Maps,Two Plus - Google Maps,"400-1,000"
Restaurant,Ungteori Korea BBQ,Seoul,Myeongdong,"เอาใจสายปิ้งย่างกันต่อกับร้านที่มีชื่อว่า Ungteori ร้านบุฟเฟ่ต์หมูย่างเกาหลีที่เสิร์ฟไม่อั้นตลอด 2 ชั่วโมง ในราคาหัวละ 14,800 วอน ที่มาพร้อมกับชุดผัก ซุปเต้าหู้กิมจิ และเครื่องเคียงต่างๆ อีกมากมาย โดยจุดเด่นของร้านแห่งนี้อยู่ที่เนื้อหมูที่มีความสดใหม่และการหมักที่เข้าเนื้อได้อย่างลงตัว จึงทำให้รสชาติมีความกลมกล่อมและดีเยี่ยมเป็นอย่างมาก เหมาะแก่การทานพร้อมข้าวสวยและผัก พร้อมทั้งเครื่องเคียงต่างๆ ได้อย่างเอร็ดอร่อย จนทำให้มีชาวเกาหลีและนักท่องเที่ยวจำนวนมากเดินทางเข้ามาลิ้มลองรสชาติตลอดทั้งวันอย่างไม่ขาดสายกันเลยทีเดียว","https://mp-seoul-image-production-s3.mangoplate.com/added_restaurants/515428_1476884978418793.jpg?fit=around|512:512&crop=512:512;*,*&output-format=jpg&output-quality=80",ungteori saenggogi - Myeong dong (Korean bbq restaurant) - Google Maps,400-500
Restaurant,Wondang Gamjatang,Seoul,Myeongdong,"ร้านอร่อยเกาหลีที่ต่อมาอย่าง Onedang Gamjatang เป็นร้านอาหารเกาหลียอดฮิตที่คิวแน่นตลอดทั้งวัน โดยเฉพาะในช่วงตอนกลางวันเวลาประมาณเที่ยง แต่ไม่ต้องกังวลใจว่าจะไม่ได้ลิ้มลองแต่อย่างใด เนื่องจากร้านแห่งนี้เปิดให้บริการความอร่อยตลอด 24 ชั่วโมง โดยเมนูขึ้นชื่อของร้านอาหารแห่งนี้มีทั้ง คัมจาทัง ที่เป็นซี่โครงหมูใส่มันฝรั่ง, จกบัล หรือ ขาหมูนนึ่ง รวมไปถึงโพซัม หรือหมูสามชั้นนึ่งที่มาพร้อมกับรสชาติแบบเกาหลีแท้ดั้งเดิมในราคาเริ่มต้นเพียง 7,000 วอน เท่านั้น",https://www.chilloutkorea.com/wp-content/uploads/2020/02/Onedang-Gamjatang01.png,https://goo.gl/maps/pUHekLBDfv8VBQ3K7,200-300
Restaurant,คิมจางดก (김장독),Seoul,Mapo-gu,ร้านคิมจางดก ถือได้ว่าเป็นอีกหนึ่งในร้านอาหารเกาหลีที่ได้รับความชื่นชอบเป็นอย่างมากกับเมนูแกงกิมจิ หรือที่คนเกาหลีเรียกว่า กิมจิชิเก ซึ่งถูกทำขึ้นมาจากกิมจิที่นำไปต้มในน้ำซุปพร้อมกับการใส่เครื่องเคียงและต้มจนเดือดได้ที่ก็นำมาเสิร์ฟ นอกจากนี้ยังมีเมนูอาหารและร้านอาหารอีกมากมาย ที่นักท่องเที่ยวสามารถเลือกรับประทานได้ตามอัธยาศัย ดังนั้นแนะนำเลยว่าหากใครที่เดินทางมาท่องเที่ยวที่ฮงแดแล้วละก็ สามารถเดินทางมาลิ้มลองรสชาติของแกงกิมจิได้ที่ร้านแห่งนี้เลย,https://www.chilloutkorea.com/wp-content/uploads/2020/02/%E0%B8%84%E0%B8%B4%E0%B8%A1%E0%B8%88%E0%B8%B2%E0%B8%87%E0%B8%94%E0%B8%8101.png,김장독 - Google Maps,200-300
Restaurant,Bongchu Jjimdak,Seoul,Mapo-gu,มาถึงร้านสุดท้ายของเกาหลีที่เราจะพาทุกคนไปตะลุยกินกันนั้นก็คือ ร้านบงชูจิมดัค ในย่านฮงแด ที่เปิดให้บริการมาอย่างยาวนาน โดยภายในร้านแห่งนี้จะมีเมนูจิมดัค หรือ ผัดวุ้นเส้นเกาหลีที่มีรสชาติๆ หวานๆ เค็มๆ มีความคล้ายพะโล้หน่อยๆ มาให้คุณได้เลือกสรรหลากหลายเมนู ซึ่งเราสามารถเลือกได้ว่าเราจะเอาเนื้ออะไรมาผัด แต่คนส่วนมากจะนิยมทานคู่กับไก่ หรือ ไม่ก็เป็นซีฟู้ดซะส่วนใหญ่ หลังจากเลือกเนื้อสัตว์เสร็จเป็นที่เรียบร้อยก็มาเลือกขนาดของเมนูอาหารต่อ ถ้ามากันไม่ได้เยอะมาก ประมาณ 2-3 คนก็แนะนำให้สั่งถาดกลางกำลังทานได้อิ่มพอดี,https://jangjihoo.com/wp-content/uploads/2023/07/Andong-jjimdak-800x530-1.jpg,https://goo.gl/maps/ZSDrs5Qyd2jM3qyF9,600-900
Restaurant,여보게웃게 (ยอโบเกอุดเก),Seoul,Mapo-gu,"ร้านยอโบเกอุดเก หรือ ร้านบุฟเฟ่ต์ปูดอง ที่เรียกได้ว่าเป็นเมนูขึ้นชื่อของที่นี่เลยทีเดียว โดยภายในร้านแห่งนี้นั้นจะเหมาะสำหรับคนที่ชื่นชอบการทานปูดองเป็นอย่างมาก เนื่องจากเมนูภายในร้านส่วนใหญ่ก็จะเป็นปูดองซีอิ้ว ปูยำซอสเผ็ดแบบไม่อั้นในราคาเพียง 12,900 วอนต่อคนเท่านั้น เรียกได้ว่าหากใครที่ชื่นชอบปูดอง หรือ ยังไม่เคยรับประทานแล้วละก็แนะนำให้เดินทางมาแวะชิมได้ที่ร้านแห่งนี้เลย",https://www.chilloutkorea.com/wp-content/uploads/2020/02/%E0%B8%A2%E0%B8%AD%E0%B9%82%E0%B8%9A%E0%B9%80%E0%B8%81%E0%B8%AD%E0%B8%B8%E0%B8%94%E0%B9%80%E0%B8%81-1.jpg,이대조뼈다귀 - Google Maps,400-500
Restaurant,홍스쭈꾸미 (ฮงซึจูกุมิ),Seoul,Mapo-gu,ร้านฮงซึจูกุมิ หรือ ร้านปลาหมึกผัดเผ็ดชื่อดังของประเทศเกาหลี ที่ได้รับความนิยมเป็นอย่างมาก โดยตัวร้านแห่งนี้จะตั้งอยู่บริเวณย่านฮงแดที่เต็มไปด้วยแสงสีเสียง และร้านอาหารมากมายในยามค่ำคืนที่เปิดให้นักท่องเที่ยวมาใช้บริการ ซึ่งภายในตัวร้านแห่งนี้นั้นจะให้บริการตั้งแต่การนำปลาหมึกมาผัดบนกระทะร้อนๆ ราดด้วยซอสเป็ดสูตรพิเศษของทางร้านที่มีรสชาติหวาน เค็ม และเผ็ดได้อย่างลงตัว นอกจากนี้เรายังสามารถจับคู่ได้ว่าจะเอาปลาหมึกผัดกับอะไรไม่ว่าจะเป็น เนื้อ หมู หรือซีฟู้ด ก็สามารถเลือกรับประทานได้ตามใจชอบ,https://www.chilloutkorea.com/wp-content/uploads/2020/02/%E0%B8%AE%E0%B8%87%E0%B8%8B%E0%B8%B6%E0%B8%88%E0%B8%B9%E0%B8%81%E0%B8%B8%E0%B8%A1%E0%B8%B401.png,홍스쭈꾸미 홍대본점 ปลาหมึกผัดเผ็ด - Google Maps,100-250
Scenic,Gyeonghwa Station,Seoul,,,,,Free
Scenic spot,Ewha University,Seoul,,,,,Free
Scenic spot,Namsan Park,Seoul,,,,,Free
Scenic spot,SEBITSEOM Seoul floating Island,Seoul,,,,,"500-1,600"
Scenic spot,Seokchon Lake Park,Seoul,,,,,Free
Series,Bukchon Hanok Village,Seoul,Jongno-gu,ใครที่เคยดูซีรีส์เรื่อง More Than Friends จะต้องคุ้นเคยกับฉากที่พระเอก-นางเอกไปเดินเล่นที่ หมู่บ้านบุกชอนฮันอก (Bukchon Hanok Village 북촌한옥마을) หมู่บ้านโบราณปีที่ตั้งอยู่ใจกลาง กรุงโซล อย่างแน่นอนค่ะ แม้หมู่บ้านแห่งนี้จะมีอายุกว่า 600 ปีแล้ว แต่ก็ยังคงอยู่ในสภาพที่ดีและสมบูรณ์จนกลายเป็นสถานที่ท่องเที่ยวชื่อดังในกรุงโซลที่ใครๆ ก็ต้องไปเยือน บางส่วนเปิดเป็นเกสต์เฮาส์ ร้านอาหาร และคาเฟ่น่ารักๆ เพื่อรองรับนักท่องเที่ยว แต่บางส่วนก็เป็นที่อยู่อาศัยของคนท้องถิ่นด้วยเช่นกัน,https://a.cdn-hotels.com/gdcs/production34/d1158/023da96d-32b2-4e9a-9f89-027267e196f2.jpg?impolicy=fcrop&w=800&h=533&q=medium,หมู่บ้านบุกชอนฮันอก - Google Maps,-
Series,cafe tank 6,Seoul,Mapo-gu,"""คาเฟ่แทงค์ 6 เป็นสถานที่ครบวงจรสำหรับคนรักกาแฟที่ต้องการสัมผัสประสบการณ์ที่หลากหลายและน่าทึ่ง ที่นี่คุณจะพบกับบรรยากาศที่อบอุ่นและน่ารัก ทำให้เป็นจุดพักผ่อนที่สมบูรณ์แบบสำหรับการพบปะเพื่อนหรือทำงานที่มีความสุข ส่วนเมนูกาแฟที่คัดสรรมาอย่างพิถีพิถันจากเมล็ดกาแฟคุณภาพสูงทำให้ทุกครั้งที่คุณรับประสบการณ์การดื่มกาแฟเป็นประสบการณ์ที่เหนือกว่าเพียงแค่การดื่ม คาเฟ่แทงค์ 6 เป็นสถานที่ที่คนส่วนใหญ่ได้มาและรับประทานเพื่อปิดจิตวิญญาณที่เรียบง่ายและแสนเรียบร้อย",https://fastly.4sqi.net/img/general/600x600/797002_Y_mypxBZ9xldIwkl-TJOPr1SYfMq8Wq-ILW1lW6opgI.jpg,cafe tank6 - Google Maps,100-300
Series,Changdeokgung Palace,Seoul,Jongno-gu,พระราชวังชางด็อกกุง (Changdeokgung Palace 창덕궁) หนึ่งในพระราชวังหลวงทั้งห้าแห่งของกรุงโซล (Five Grand Palaces of Seoul) ซึ่งตั้งอยู่ทางทิศตะวันออกของกรุงโซล และเป็นพระราชวังลำดับที่ 2 ที่สร้างต่อจาก พระราชวังคยองบกกุง (Gyeongbokgung Palace) ระหว่างปี ค.ศ. 1405-1412 เพื่อเป็นที่พำนักของกษัตริย์หลายพระองค์ในสมัยราชวงศ์โชซอน (Joseon Dynasty) ค่ะ เมื่อเข้าสู่ฤดูใบไม้เปลี่ยนสี ที่นี่จะเป็นสถานที่อีกแห่งหนึ่งที่ผู้คนนิยมเข้าไปชมความงดงามของสถาปัตยกรรมที่สอดคล้องกับธรรมชาติอย่างลงตัว ไม่เพียงเท่านี้ ที่นี่ยังเป็นสถานที่ถ่ายทำซีรีส์เกาหลีหลายเรื่อง รวมถึง Love in the Moonlight ด้วย,https://images.squarespace-cdn.com/content/v1/5ffb58cdd7c44740fac40fc0/92c9082b-516c-432c-96a5-24a3f8c04987/Donhwamun+-+Main+Gate+of+Changdeokgung+Palace.jpg?format=500w,พระราชวังชางด๊อกกุง - Google Maps,80-130
Series,Cheonggyecheon Stream,Seoul,Jongno-gu,คลองชองเกชอน (Cheonggyecheon 청계천) สถานที่เดตสุดโรแมนติกของหนุ่มสาว และใช้เป็นส่วนหนึ่งของฉากถ่ายทำในเรื่อง Vincenzo ด้วยค่า~ ความจริงแล้วที่นี่เป็นคลองเก่าแก่ของกรุงโซลที่มีมาตั้งแต่สมัยราชวงศ์โชซอน และเคยเป็นคลองที่มีแต่น้ำเน่าเสียและขยะเป็นจำนวนมาก แต่เมื่อปี ค.ศ. 2003 ก็ได้มีโครงการพัฒนาสภาพแวดล้อมและน้ำอยู่ในคลอง ทำให้คลองแห่งนี้กลายเป็นสถานที่พักผ่อนหย่อนใจกลางเมืองที่มีแต่ความร่มรื่น ทิวทัศน์สวยงาม ประดับตกแต่งไปด้วยงานประติมากรรม และงานอีเวนต์ต่างๆ ทำให้มีผู้คนมาเดินเล่นและออกกำลังกายอยู่บ่อยครั้ง,https://tong.visitkorea.or.kr/cms/resource/51/2932451_image2_1.bmp,คลองช็องกเยช็อน - Google Maps,-
Series,Common Ground,Seoul,Gwangjin-gu,คอมมอนกราวนด์เป็นพื้นที่สังคมแห่งความสร้างสรรค์ในกรุงโซล ที่เต็มไปด้วยร้านค้าและกิจกรรมที่น่าสนใจ พื้นที่นี้เป็นจุดพบปะของคนที่มีความคิดสร้างสรรค์และรักการออกแบบ นอกจากนี้ยังเป็นที่สำหรับการสนุกสนานและสร้างประสบการณ์ที่ไม่เหมือนใครผ่านกิจกรรมต่างๆ ด้วยความหลากหลายของร้านค้าและร้านอาหารที่นี่ คอมมอนกราวนด์เป็นสถานที่ที่เชิญชวนให้คุณมาสนุกสนาน สร้างสรรค์ และสัมผัสประสบการณ์ใหม่ๆ ในสังคมที่คุณต้องการ,https://4.bp.blogspot.com/-k1Rdog801a4/VjoD3gyWKXI/AAAAAAAARJ8/vTSdXy-LUyA/s1600/DSC03447.JPG,Common Ground - Google Maps,100-250
Series,Deoksugung Stone-wall Road,Seoul,Jung-gu,ถนนกำแพงหินท็อกซูกุง (Deoksugung Stone-wall Road덕수궁 돌담길) ถนนสายโรแมนติกความยาว 900 เมตร ที่มักจะใช้เป็นส่วนหนึ่งของฉากถ่ายทำซีรีส์ และมิวสิควิดิโอเพลงเกาหลี รวมถึงเรื่อง Do You Like Brahms? ด้วยเช่นกัน ด้วยความเก่าแก่ของกำแพงหินของ พระราชวังท็อกซูกุง (Deoksugung Palace) ที่ทอดยาวเลียบถนน พร้อมกับร่มเงาของต้นไม้ที่เรียงรายตลอดทาง เมื่อเข้าสู่ฤดูใบไม้เปลี่ยนสี ต้นไม้จะเปลี่ยนเป็นสีส้ม สีแดง สีเหลืองสลับกันไป เพิ่มความโรแมนติกให้กับถนนเส้นนี้เป็นกอง,https://english.visitseoul.net/comm/getImage?srvcId=POST&parentSn=23958&fileTy=POSTTHUMB&fileNo=1,덕수궁돌담길 - Google Maps,-
Series,Grattiti Tunnel,Seoul,Seodaemun-gu,ทางเข้าสีสันและร่างสรรค์ สายตาจะได้รับพบกับ Graffiti Tunnel ในเกาหลี ที่เต็มไปด้วยผนังขนาดใหญ่ที่ถูกวาดภาพสีสันสดใสที่สะท้อนแนวคิดและความคิดของศิลปินท้องถิ่น ทางเท้าผ่านทางที่ได้รับการประดิษฐ์อย่างสร้างสรรค์เก็บความคิดสร้างสรรค์เพื่อนำมาประดิษฐ์ภาพวาดสวยงามบนผนัง สถานที่นี้เป็นที่ชื่นชอบของนักท่องเที่ยวและชาวเครือข่ายสังคมที่ต้องการหารูปถ่ายที่ไม่เหมือนใครในบรรยากาศที่เต็มไปด้วยความคิดสร้างสรรค์และสีสัน,https://koreandramaland.com/wp-content/uploads/2017/05/graffiti-tunnel-kdrama-filming-location-photo-copyright-florence-august-2018-koreandramaland-1-1067x800.jpeg,신촌벽화터널 - Google Maps,-
Series,Gunjadaehan Gopchang,Seoul,Myeongdong,https://cf.creatrip.com/original/spot/12877/fo61q98yd8txrsdorica34bq970gh1a3.jpg,Gunjadaehan Gopchang(Myeongdong Branch) - Google Maps,,150-700
Series,Gwanghwamun Square,Seoul,Jongno-gu,ควังฮวามุน เป็นแลนด์มาร์กที่นักท่องเที่ยวที่ไม่ควรพลาด ถ้าใครที่มาจุดนี้จะมองเห็นทัศนียภาพที่สวยงามของพระราชวังคยองบกอยู่ตรงหน้า บริเวณตรงนี้เป็นลานกว้าง ที่มีอนุสาวรีย์บุคคลที่มีความสำคัญทางประวัติศาสตร์ อย่าง พระเจ้าเซจงมหาราช และ แม่ทัพอีซุนชิน ฉากที่ถ่ายทำที่นี่คือฉากการพบกันครั้งแรกระหว่าง กษัตริย์อีกน (รับบทโดย อีมินโฮ) กับ จองแทอึล (รับบทโดย คิมโกอึน) หลังจากที่ข้ามประตูมิติจากจักรวรรดิเกาหลีมายังสาธารณรัฐเกาหลีนั่นเอง,https://gwanghwamun.seoul.go.kr/resources/client2022_eng/images/tour_imgex04.jpg,Gwanghwamun Square - Google Maps,-
Series,Kkulbam,Seoul,Itaewon,Kkulbam Itaewon ตั้งอยู่ในเขตอิตาวอนที่เต็มไปด้วยชีวิตชีวาของกรุงโซล Kkulbam เป็นร้านอาหารผสมผสานแนวใหม่ที่สะท้อนความเป็นเลิศอย่างทันสมัย มันทำให้ผู้รับประทานพิชิตความแตกต่างของเมนูอาหารที่ผสมผสานกับวัฒนธรรมอาหารของเกาหลีและรสชาติจากทั่วโลก สร้างประสบการณ์ทางเริงร่างและนับถือได้อย่างเฉพาะเจาะจง ด้วยการตกแต่งทันสมัยและบรรยากาศที่เปิดเชิญ Kkulbam Itaewon เป็นเพชรที่มีคุณค่าทางความเป็นวัฒนธรรมและอาหารที่ปนเปื้อนเข้ากันอย่างลงตัว,https://cf.creatrip.com/original/blog/undefined/snyd8ta9c69y1ks7ysduebrpgohn0s0r.jpg?d=1200&q=80&f=webp,Kkulbam - Google Maps,200-700
Series,Konkuk University,Seoul,Gwangjin-gu,มหาวิทยาลัยคอนกุก (건국대학교) หรือที่เรียกว่า 'คอนแด' (Kondae) เป็นมหาวิทยาลัยเอกชนชั้นนำในประเทศเกาหลี ตั้งอยู่ในเขตคอนแดของกรุงโซล และมีความเชี่ยวชาญในสาขาเกษตรศาสตร์และวิทยาศาสตร์ มหาวิทยาลัยนี้เป็นจุดสนใจสำหรับนักแสดงและไอดอลที่มาจากนี่ อีกทั้งยังเป็นมหาวิทยาลัยเอกชนที่ได้รับการจัดอันดับด้านคุณภาพการศึกษา นอกจากนี้ยังเป็นศูนย์กลางของชุมชนนักศึกษาและเป็นที่สร้างเนื้อหาบันเทิงเพื่อสนับสนุนการเรียนรู้ของนักศึกษา,https://iseodang.com/wp-content/uploads/2018/11/Konkuk_Gallery_02.jpg,มหาวิทยาลัยคอนกุก - Google Maps,-
Series,Lotte Duty Free,Seoul,Jung-gu,เชื่อว่าต้องเคยเห็นห้าง Lotte Duty Free ในซีรีย์หลายๆ เรื่อง ไม่ว่าจะเป็น Secret Queen Makers ที่เกี่ยวกับเรื่องการ Makeover ล้วนๆ และส่วนใหญ่ก็ถ่ายที่นี่ ซึ่งในเรื่องนี้ ก็มีซุปตาร์อย่าง Lee Teuk จากวง Super Junior หรือ Sehun จาก Exo ด้วย ใน Lotte Duty Free มีทุกอย่างที่เราตามหา ไม่ว่าจะเป็นของฝากจากเกาหลี  เครื่องสำอาง ซึ่งถ้าถามว่าเลือกซื้อที่นี่ดีอย่างไร ต้องบอกเลยว่า ทั้งสบายกระเป๋าสตางค์ทั้งยังสบายกระเป๋าเดินทางอีกด้วย เพราะไม่ว่าจะซื้ออะไร เค้าจะให้เราไปรับที่สนามบินได้เลย ไม่ต้องถือให้เมื่อย ระหว่างทางที่ไปเที่ยวต่ออีกด้วย แต่ถ้ากังวลว่า ทริปนี้เเน่นมากเเล้ว ไม่ได้เเวะไปเเถวนั้น ไม่เป็นไรเลย! เพราะสามารถซื้อออนไลน์ได้ ไปรับที่สนามบินได้เหมือนกัน,https://insideretail.asia/wp-content/uploads/2022/11/AKR20221115033300003_01_i_org.jpg,LOTTE DUTY FREE Main Store - Google Maps,-
Series,Lotte World,Seoul,Songpa-gu,Lotte World ปรากฏในซีรีส์เกาหลีหลายเรื่องเลยล่ะค่ะ โดย Lotte World ถือเป็นหนึ่งในสวนสนุกที่มีชื่อเสียงที่หากเดินทางมาเกาหลีก็ควรแวะไปสักครั้งค่,https://www.dragonhilllodge.com/application/files/8614/9511/3307/DHL_korea_LWpark_722.jpg,ล็อตเตเวิลด์ - Google Maps,"1,200-1,400"
Series,Marronnier,Seoul,Jongno-gu,สวนสาธารณะมาโรนิเอ เป็นสวนสาธารณะขนาดใหญ่ในกรุงโซล อยู่ในย่านที่คึกคักใจกลางเมือง เป็นสวนสาธารณะแบบเปิดโล่ง เป็นที่สําหรับทุกคนที่มาพักผ่อนหย่อนใจและมักจะเห็นความงามของเกาหลีที่นี่,https://world.seoul.go.kr/wp-content/uploads/2021/11/marronnier-9.jpg,สวนสาธารณะมารอนนิเย - Google Maps,-
Series,Mimiok,Seoul,Yongsan-gu,ร้านอาหารที่โดฮยอกไปฝึกทำอาหารตั้งอยู่ในเขตยงซาน กรุงโซล ชื่อว่าร้าน Mimiok (미미옥) ค่ะ ถือเป็นร้านอาหารที่เชี่ยวชาญด้านเส้นก๋วยเตี๋ยวออร์แกนิกและมีการตกแต่งภายในเป็นสิ่งที่ดึงดูดสายตาของทุกคนมาก ๆ เลยทีเดียวนะคะ,https://koreandramaland.com/wp-content/uploads/2021/07/mimiok-copyright-thom-musni-september-2021-koreandramaland-1079x800.jpg,Mimiok - Google Maps,100-200
Series,N Seoul tower,Seoul,Yongsan-gu,นามย่อของหอคอย N Seoul Tower นั้นแสดงถึงสัญลักษณ์ของกรุงโซลอย่างมหาศาล สถาปัตยกรรมที่ยิ่งใหญ่นี้จัดอยู่บนเนินเขา Namsan เสาอันยาวนานจุดยอดจิตวิญญาณที่ได้เป็นจุดสังเกตการณ์สำคัญและจุดชมวิวที่สวยงามเหนือกรุงโซล ด้วยการเดินขึ้นไปยังหอคอยนี้ คุณจะได้พบกับทัศนียภาพที่สร้างประทับใจอย่างล้ำลึกทั้งกลางวันและกลางคืน,https://www.agoda.com/wp-content/uploads/2019/03/N-Seoul-Tower-N-Seoul-Tower-in-Autumn.jpg,หอคอยเอ็นโซล - Google Maps,400-600
Series,Seoul Land,Seoul,Gwacheon,Seoul Land เป็นสวนสนุกแห่งความสุขในกรุงโซลที่น่าตื่นเต้นมาก มีหลากหลายสิ่งสนุกสนานและกิจกรรมที่ทำให้ผู้เข้าชมตื่นเต้น สวนสนุกที่แสนน่ารักนี้เหมาะแก่ครอบครัวและเด็กๆ ที่ต้องการมีความสนุกและหลากหลายประสบการณ์ในการเล่นเกมและร่วมกิจกรรมต่างๆ นอกจากนี้ยังมีทั้งเครื่องเล่นน้ำและที่จัดงานสำหรับเพื่อนฝูงที่ต้องการสนุกสนานในบรรยากาศแห่งความสนุก,"https://res.klook.com/images/fl_lossy.progressive,q_65/c_fill,w_1200,h_630/w_80,x_15,y_15,g_south_west,l_Klook_water_br_trans_yhcmh3/activities/gmmtk7dz6z66ngiqqnvk/Seoul%20Land%20and%20Seoul%20Zoo%20Admission%20Ticket.jpg",Seoul Land - Google Maps,500-900
Series,Seuollo 7017,Seoul,Jung-gu,จากที่เคยเป็นทางด่วน ก็ถูกเปลี่ยนมาเป็นสวนลอยฟ้า สถานที่ถ่ายทำซีรีย์เรื่อง Fight For My Way ที่ Moo bin ให้รองเท้าผ้าใบกับ Ae ra เเล้วขอให้เป็นซินเดอเรลล่าของเขา นับเป็นฉากที่ทำให้ฟินจิกหมอนอีกฉากเลยทีเดียว สวนลอยฟ้านี้อยู่ใจกลางเมืองโซล ใหญ่มาก และแบ่งออกเป็น 17 โซน นับว่าถ้าอยู่ในแถบโซลต้องห้ามพลาดที่นี่เช่นกัน,https://www.naibann.com/wp-content/uploads/2021/10/seoullo7017-7.jpg,Seoullo 7017 - Google Maps,-
Series,The War Memorial of Korea,Seoul,Itaewon,"อนุสรณส์ถานสงครามสเกาหลี (The War Memorial of Korea) หรือในภาษาเกาหลีคือ ""전쟁기념관"" เป็นพิพิธภัณฑ์ที่ตั้งอยู่ในเขตยางซาน กรุงโซล เกาหลีใต้ ตั้งขึ้นเมื่อปี ค.ศ. 1994 โดยมีจุดประสงค์พิเศษในการจัดแสดงและเป็นอนุสรณ์ถานทางประวัติศาสตร์และวัฒนธรรมของการทหารของเกาหลี เป็นแหล่งที่สำคัญในการศึกษาเรียนรู้และนำเสนอบทเรียนในอดีตของสงครามเกาหลี รวมถึงบทเรียนในปัจจุบันเพื่อให้ความรู้เกี่ยวกับประวัติศาสตร์และวัฒนธรรมของเกาหลีใต้ โดยเน้นการรวบรวมโบราณวัตถุที่สื่อถึงประวัติศาสตร์รวมถึงเหตุการณ์สำคัญในสงครามเกาหลี อีกทั้งยังเป็นการสร้างความหวังในการรวมตัวกันของชาติเกาหลีเหนือและเกาหลีใต้ด้วย",https://a.cdn-hotels.com/gdcs/production147/d1812/64072b04-c552-4835-9472-034a92125c41.jpg,อนุสรณ์สถานแห่งสงครามเกาหลี - Google Maps,400
Series,Yangjae Flower Market Center,Seoul,Seocho-gu,เป็นซอยเล็กๆ ที่เหมาะสำหรับคนรักและชื่นชอบดอกไม้ เพราะซอยแห่งนี้คือตลาดดอกไม้ หลากหลายพันธ์ เป็นซอยที่มีความยาวเพียง 200 เมตร 150 กว่าร้านค้าตั้งเรียงรายอยู่เป็นแถวเดียว ตลาดดอกไม้แห่งนี้เป็นตลาดที่ย้ายมาจาก Kwangjang Market ที่อยู่ไม่ไกล เป็นการย้ายตามโครงสร้างของทางรัฐบาลที่ต้องการจัดระเบียบร้านค้าข้างถนนสายหลักของ Jongno ให้มีระบบระเบียบเจริญหูเจริญตา และสะดวกแก่การสัญจรไปมานั่นเอง,https://cf.creatrip.com/original/blog/12392/lkcgs9p2azucoyr08l5chi57maevf1tr.jpg?d=1200&q=80&f=webp,Yangjae Flower Market Center - Google Maps,-
Series,Yeouido Park,Seoul,yeongdeungpo-gu,"Yeouido Park เป็นสวนสาธารณะที่ยอดเยี่ยมในกรุงโซล มีพื้นที่สีเขียวกว้างใหญ่ที่น่าสนใจเพื่อการหาผ่อนคลายและกิจกรรมกลางแจ้ง สวนสาธารณะนี้เหมาะสำหรับคู่รักและครอบครัวที่ต้องการเพลิดเพลินกับการเดินเที่ยว ทำปิคนิก และสนามเล่นสาธารณะ ด้วยการบรรยากาศที่มีชีวิตชีวาและมุมมองที่สวยงามตลอดแม่น้ำฮัง เป็นสถานที่ที่น่าสนใจสำหรับการผ่อนคลายใจในใจกลางกรุงโซล"",",https://upload.wikimedia.org/wikipedia/commons/8/89/Yeouido_Park_Pond_201604.jpg,Yeouido Park - Google Maps,-
Series,Yeouido Saetgang Bridge,Seoul,Yeouido,สะพาน Yeouido Saetgang เป็นสะพานที่น่าตื่นเต้นและเป็นสถานที่ท่องเที่ยวที่น่าสนใจในกรุงโซล มีบรรยากาศที่ดีและวิวที่น่าทึ่งที่สามารถสนุกกับการเดินเที่ยวและเพื่อพักผ่อนได้อย่างสบายสุข สะพานยอยดอแซตกังเป็นจุดสังเกตการณ์ที่สวยงามและสะท้อนความงดงามของแม่น้ำฮังและทะเลสาบสองข้างของมัน นี่คือสถานที่ที่น่าสนใจสำหรับการเดินทางและการแนะนำให้เพื่อนฝูงหรือครอบครัวมาเพื่อเพลิดเพลินและสร้างความทรงจำที่น่าประทับใจ,https://koreandramaland.com/wp-content/uploads/2017/05/when-the-devil-calls-your-name-2019-filming-location-episode-1-yeouido-saetgang-pedestrian-bridge-koreandramaland-3.jpg,Munhwa Pedestrian Bridge - Google Maps,-
Series,Yonsei University,Seoul,Seodaemun-gu,แม้ในเรื่อง True Beauty จะมีฉากโรงเรียนมัธยมเสียส่วนใหญ่ แต่ความจริงแล้วโรงเรียนมัธยมนั้นถ่ายที่ มหาวิทยาลัยยอนเซ (Yonsei University 연세대학교) หนึ่งใน 3 มหาลัยระดับท็อปของประเทศเกาหลีใต้ ตั้งอยู่ใน เขตชินชน (Sinchon) หนึ่งในแหล่งช้อปปิ้งและย่านมหาลัยชื่อดังไม่ไกลจาก ย่านฮงแด (Hongdae) ค่ะ ความโดดเด่นของมหาวิทยาลัยแห่งนี้คืออาคารสูงใหญ่ รูปทรงเหมือนปราสาทในยุโรป มีไม้เลื้อยตกแต่งทั่วตึกอาคาร ทำให้ที่นี่กลายเป็นหนึ่งในพิกัดที่สายแชะจะต้องไปถ่ายรูปสวยๆ ให้ได้,https://vse.apru.org/wp-content/uploads/2022/04/upage_Yonsei-2.png,มหาวิทยาลัยยอนเซ - Google Maps,-
Shopping,Garosu-gil,Seoul,Gangnam-gu,สายฮิป สายแฟชั่น ต้องไม่พลาดไปช้อปปิ้งในถนนสุดฮิต กาโรซูกิล (Garosu-gil) ซึ่งอยู่ในกรุงโซล เกาหลีใต้ ที่ที่เต็มไปด้วยตึกดีไซน์เก๋ๆ คาเฟ่ ร้านอาหารน่านั่ง ของช้อปปิ้งแฟชั่นสวยๆ กับบรรยากาศที่มีต้นไม้เรียงเป็นแนวตลอดสองข้างทาง,https://ak-d.tripcdn.com/images/100a1c000001cn9zz0630.jpg,Garosu-gil - Google Maps,
Shopping,Apgujeong,Seoul,Gangnam-gu,"ถนนสายแฟชั่นที่เป็นแหล่งรวมสินค้าแบรนด์เนมระดับ Hi-End เสื้อผ้า, กระเป๋า, เครื่องประดับ นอกจากร้านค้าแล้วก็ยังมีร้านคาเฟ่มากมายที่มีการดีไซน์ตกแต่งร้านได้อย่างดูดี น่านั่ง หากเดินช้อปปิ้งจนเหนื่อยแล้วก็มีร้านอาหารให้เลือกหลากหลายไม่ว่าจะเป็นอาหารเกาหลี อาหารญี่ปุ่น หรือแม้กระทั่งอาหารไทยก็มีอยู่หลายร้าน",https://www.dplusguide.com/wp-content/uploads/2014/10/IMG_7409.jpg,압구정동 - Google Maps,
Shopping,Common Ground,Seoul,Gwangjin-gu,"ที่นี่เป็นศูนย์การค้าทำจากตู้คอนเทนเนอร์ที่ใหญ่ที่สุด ศูนย์การค้ามีสี่โซนคือ Street Market, Market Hall, Terrace Market และ Market Ground เมื่อมาที่นี่ คุณจะได้พบกับร้านเสื้อผ้าทันสมัย ร้านเครื่องแต่งกายสุดฮิป และร้านขายอาหารและเครื่องดื่มเล็กๆ มากมาย",https://www.allkpop.com/upload/2022/08/content/280734/1661686450-re-commonground01karimono-765x524.jpg,Common Ground - Google Maps,
Shopping,Dongdaemun,Seoul,Jongno-gu,"เป็นย่านการค้าขนาดใหญ่ประกอบด้วย ตลาดดั้งเดิมและศูนย์การค้า ตั้งแต่บริเวณประตูทงแดมุน (Dongdaemun Gate) และครอบคลุมพื้นที่ของ ย่านทงแดมุน (Dongdaemun, 동대문) ซึ่งเป็นสถานที่ช้อปปิ้งยอดนิยม ในกรุงโซล",https://www.koreafanclub.com/wp-content/uploads/2021/03/Dongdaemun-Fashion-Town_7.jpg,ดงแดมุน - Google Maps,
Shopping,Dongdaemun market,Seoul,Jung-gu,"เมื่อมาถึงเกาหลีใต้ แต่ก็ยังไม่ว่ายังนึกถึงเวลาตอนอยู่ประเทศไทย ที่ได้เดิน JJ Mall หรือตามตลาดคนเดินใหญ่ๆ ถ้ายังอยากสัมผัสกับการช้อปของใช้และสินค้าแบรนด์เนม หรือของก๊อปปี้ที่มีคุณภาพดีๆอยู่ล่ะก็ ขอแนะนำเลยว่าให้มาลองเดินหาซื้อของฝากหรือซื้อไปใช้กันเองที่ ตลาดทงแดมุนเป็นตลาดค้าปลีกค้าส่งเสื้อผ้าแฟชั่นในย่านทงแดมุนที่ใหญ่ที่สุดในเกาหลี มีช้อปปิ้งมอลล์ทั้งหมด 26 ตึก, ร้านค้ามากกว่า 30,000 ร้าน และโรงงานกว่า 50,000 แห่ง",https://media-cdn.tripadvisor.com/media/photo-s/09/03/47/4d/dongdaemun-market.jpg,ตลาดทงแดมุน - Google Maps,"200-1,000"
Shopping,Dongmyo Flea Market,Seoul,Jongno-gu,ตลาดหลากหลายที่มีสินค้าราคาย่อมเยามากมาย ซึ่งรวมถึงเสื้อผ้ามือสอง หนังสือ และอุปกรณ์อิเล็กทรอนิกส์,https://ak-d.tripcdn.com/images/1i63i2215cheg9yw0E00D.jpg?proc=source/trip,Dongmyo Flea Market - Google Maps,
Shopping,Ewha Women’s University,Seoul,Seodaemun-gu,ถนนสายช็อปปิงของมหาวิทยาลัยสตรีอีฮวา ที่ซึ่งคุณจะได้พบเครื่องแต่งกายน่ารักๆ และเครื่องสำอางลดราคา แปลงโฉมตัวเองให้สวยไปอีกระดับเมื่อคุณไปทำทรีทเมนต์เส้นผมแบบเกาหลีจากร้านทำผมสักร้านในย่านนี้ ถนนสายช็อปปิงแห่งนี้เหมาะอย่างยิ่งสำหรับการเดินสบายๆ และเป็นสถานที่สุดโปรดที่นักศึกษาชอบมากัน,https://www.koreafanclub.com/wp-content/uploads/2021/04/Ewha_Womans_University_04.jpg,ewha womans university ถนนช้อปปิ้ง - Google Maps,
Shopping,Express Bus Terminal,Seoul,Seocho-gu,เสื้อผ้าถูก ๆ ต้องไปช้อปที่อันเดอร์กราวด์ช้อปปิ้งมอลล์ค่ะ! แหล่งช้อปใต้ดินที่ฮอตฮิตที่สุดในโซลอยู่ที่สถานีเอ็กส์เพรสบัสเทอร์มินัลค่ะ อยู่ในย่านกังนัมที่มีสายรถไฟฟ้าใต้ดินตัดกันถึง 3 สายเลยทีเดียว เดินทางมาสะดวกสุด ๆ,https://i0.wp.com/www.habkorea.net/wp-content/uploads/2019/12/gotomallexpressterminal-featured.jpg,Express Bus Terminal - Google Maps,
Shopping,Gangnam-daero,Seoul,Gangnam-gu,"ย่านกังนัมแดโร ที่ซึ่งคุณจะได้พบร้านค้าชั้นนำมากมายเรียงรายไปตามถนน เช่น SPAO, Muji, KAKAO FRIENDS และ LINE FRIENDS ในฐานะเป็นย่านที่มีความพิเศษเฉพาะตัวมากที่สุดในเกาหลีใต้ ถนนสายช็อปปิงแห่งนี้จึงดึงดูดความสนใจของนักท่องเที่ยวจำนวนมาก ดังนั้น คุณจะได้เห็นฝูงชนมากมายพอดู หากคุณตัดสินใจที่จะออกไปนอกพื้นที่นี้เพื่อสำรวจส่วนอื่นที่เหลือของกังนัม คุณจะได้พบร้านค้าของนักออกแบบชื่อดังอย่าง Kimmy J ซึ่งเป็นนักออกแบบที่ยอดเยี่ยมที่สุดของวงการแฟชันเกาหลี",https://www.koreafanclub.com/wp-content/uploads/2017/07/gangnam-05.jpg,Gangnam-daero - Google Maps,
Shopping,Gotomall Underground Shopping Mall,Seoul,Seocho-gu,สวรรค์ของแฟชั่นนิสตาที่มีงบจำกัด ด้วยตัวเลือกเสื้อผ้าและรองเท้าเกาหลีที่ราคาที่ไม่แพง เมื่อคุณหิว เพียงแค่เดินไปที่ชั้นใต้ดินของห้าง Shinsegae ที่อยู่ใกล้เคียง เพื่อลิ้มลองอาหารจากบรรดาแผงขายอาหารระดับกูร์เมต์,https://www.habkorea.net/wp-content/uploads/2019/12/gotomallexpressterminal-featured.jpg,.,
Shopping,Gwangjang market,Seoul,Jongno-gu,แหล่งช็อปปิ้งคึกคัก มีอาหารแบบดั้งเดิมหลายชนิด รวมถึงเสื้อผ้าและของที่ระลึก,https://3.bp.blogspot.com/-xPFXlX5cGZI/WozqUrNevVI/AAAAAAAAAc8/1xwleg6iNaEKpafed4s_l5xflaztulBlQCEwYBhgL/s1600/%25E0%25B8%2581%25E0%25B8%25A7%25E0%25B8%25B2%25E0%25B8%2587%25E0%25B8%2588%25E0%25B8%25B1%25E0%25B8%25876.jpg,"https://www.google.co.th/maps/place/Gwangjang+Market/@37.5698151,126.9947383,18.25z/data=!4m6!3m5!1s0x357ca2ed7e74759b:0xd656a34831089f44!8m2!3d37.5700398!4d126.9996036!16s%2Fm%2F012r1x6q?hl=th&entry=ttu",
Shopping,Hannam-dong,Seoul,Yongsan-gu,ป็นทั้งที่อยู่อาศัย มีร้านอาหาร อร่อยๆเยอะมาก คาเฟ่ชิคๆ มีสถานที่จัดงานศิลปะ แถมยังมีร้านแบรนด์ทั้งสตรีทและแบรนด์เนมให้เลือกช็อปเยอะมากๆ,https://media.timeout.com/images/102188997/750/562/image.jpg,Hannam-dong - Google Maps,
Shopping,Hongdae,Seoul,Mapo-gu,เป็นย่านช้อปปิ้งบริเวณด้านหน้าของมหาวิทยาลัยฮงอิก(Hongik University) จึงเป็นศูนย์รวมเด็กวัยรุ่นและเด็กมหาวิทยาลัย เป็นอีกเส้นหนึ่งที่มีบรรยากาศโรแมนติก อีกทั้งยังมีร้านกาแฟที่เป็นเอกลักษณ์ แกลเลอรี่ ร้านค้าจำหน่ายสินค้าแฟชั่น คลับ ตลาดศิลปะ และร้านอาหารที่น่าสนใจในหมู่วัยรุ่นอายุ 20-30 ปีที่นิยมมาเดินเล่น ราคาของสินค้าและร้านอาหารต่างๆก็ยังไม่แพงอีกด้วย ซึ่งจะคึกคักเป็นพิเศษตั้งแต่ช่วงบ่ายเป็นต้นไป เพราะร้านค้าแต่ละร้านจะทยอยเปิดให้บริการ ของที่ขายกันเยอะส่วนใหญ่ก็จะเป็นสินค้าแฟชั่น เช่น เสื้อผ้า กระเป๋า รองเท้า ของกิ๊ฟช้อป เครื่องเขียน และที่เยอะไม่แพ้กันก็คือขนมต่างๆ,https://preparetravelplans.com/wp-content/uploads/2018/02/Tips-for-Visiting-Hongdae-Street.jpg,Hongdae Shopping Street - Google Maps,"500-3,500"
Shopping,Ikseondong Hanok Village,Seoul,Jongno-gu,ป็นย่านหมู่บ้านเกาหลีโบราณอีกแห่งในโซล จะมีตรอกเล็กๆ หลายตรอกเลยทีเดียว คาเฟ่มีหลากหลายสไตล์มาก แต่ละร้านมีจุดเด่นของตัวเอง เลือกเอาตามที่ชอบเลยย ร้านรวงต่างๆ ในตรอกเค้าจะดัดแปลงจากบ้านเก่าโบราณ เป็นร้านขายของ ขายเครื่องประดับ ขายเสื้อผ้า ขายขนม ร้านกาแฟ ร้านน้ำชา และร้านอาหาร,https://daysplustravel.co.th/wp-content/uploads/2022/05/Ikseon-post-1.jpg,Ikseondong Hanok Village - Google Maps,
Shopping,Insadong,Seoul,Jongno-gu,ย่านอินซาดงแสนคึกคักแห่งนี้มีใจกลางอยู่ที่ถนนคนเดินสายหลักซึ่งเต็มไปด้วยร้านน้ำชาและร้านอาหารเกาหลี รวมถึงมีร้านขายสินค้าพื้นเมืองอย่างเครื่องปั้นดินเผา ชา และกระดาษฮันจิแฮนด์เมด นอกจากนี้ ย่านนี้ยังมีศูนย์การค้า Ssamziegil สุดแหวกแนวที่มีคาเฟ่บรรยากาศอบอุ่นและบันไดที่ตกแต่งด้วยภาพสตรีทอาร์ตทอดยาวขึ้นไปยังเฉลียงบนชั้นดาดฟ้า รวมถึงมีแกลเลอรี Hakgojae ที่จัดแสดงงานศิลปะสมัยใหม่ และอุทยาน Tapgol Park อันร่มรื่นที่มีเจดีย์หินขนาดมหึมา,https://ak-d.tripcdn.com/images/100e0z000000nprnm4345.jpg?proc=source%2Ftrip,Insa-dong - Google Maps,
Shopping,Itaewon,Seoul,Yongsan-gu,ป็นย่านที่ขึ้นชื่อเรื่องร้านอาหารนานาชาติและสถานบันเทิงยามค่ำคืน โดยมีทั้งไนท์คลับบรรยากาศสบายๆ ให้นั่งชิลไปจนถึงผับสุดฮิปที่ถูกใจสายแดนซ์ ที่นี่เป็นย่านที่คึกครื้นและมีบรรยากาศที่สนุกสนานสำหรับนักท่องราตรี อีกทั้งยังเป็นสถานที่จัดกิจกรรมในช่วงเทศกาลต่างๆ ที่ได้รับความนิยมจากนักท่องเที่ยวเป็นอย่างมาก และยังเป็นหนึ่งในถนนชอปปิงยอดนิยมอีกแห่งหนึ่งของกรุงโซลอีกด้วย,https://beaconboytravel.com/wp-content/uploads/2022/10/seoul-copy.jpg,Itaewon-dong - Google Maps,
Shopping,Lotte Store Main,Seoul,Jung-gu,,"https://static.wixstatic.com/media/0505b9_9505f05e756c4f34a9b1adb71d0cb6c4~mv2.jpg/v1/fill/w_750,h_500,al_c,q_85,usm_0.66_1.00_0.01,enc_auto/0505b9_9505f05e756c4f34a9b1adb71d0cb6c4~mv2.jpg",https://maps.app.goo.gl/UEG1eFXLPitUhkpZ9,"500-3,000"
Shopping,Myeong-dong,Seoul,Jung-gu,"ที่นี่เป็นย่านช็อปปิงที่มีการโพสต์บน Instagram มากที่สุดแห่งหนึ่งในกรุงโซล เพราะความเป็นที่นิยมในเรื่องของแบรนด์ใหญ่ๆ ด้านผลิตภัณฑ์เครื่องสำอางและการดูแลผิวพรรณ ที่นี่ คุณจะพบแบรนด์เกาหลีกว่า 1,000 แบรนด์ เช่น Etude House, The Face Shop, Nature Republic และ Missha อย่าลืมมองหาฟรีในขณะที่คุณเดินทอดน่องไปในย่านนี้ เพราะบางร้านให้พนักงานออกมานำเสนอสินค้าทดลองใช้และแจกของฟรีบนถนนด้วย","https://ik.imagekit.io/tvlk/blog/2023/02/khu-mua-sam-myeongdong-6-1024x622.jpg?tr=dpr-2,w-675",Myeong-Dong Walking Street - Google Maps,
Shopping,Namdaemun Market,Seoul,Jung-gu,ตลาดนัมแดมุน(Namdaemun Market) เปิดในปี 1964 เป็นตลาดดั้งเดิมที่ใหญ่ที่สุดในเกาหลี เป็นแหล่งช้อปปิ้งที่นิยมของนักท่องเที่ยวชาวต่างชาติ ซึ่งเต็มไปด้วยสินค้านานาชนิดจำหน่ายทั้งแบบขายส่งขายปลีก สินค้าส่วนใหญ่ผลิตจากเจ้าของร้านโดยตรง เช่น เสื้อผ้า หมวก อุปกรณ์เครื่องครัว เครื่องเขิน แก้วน้ำ ของเล่น อุปกรณ์ตกปลา อุปกรณ์ปีนเขา อุปกรณ์เล่นสกี เครื่องเขียน เครื่องประดับ ของที่ระลึก พรม ดอกไม้ อาหาร โสม สินค้านำเข้าและอื่นๆอีกมากมาย ตลาดแห่งนี้คือแหล่งวัตถุดิบชั้นยอดที่เปิดให้บริการยันมืดค่ำเที่ยงคืนเลยทีเดียว,https://thisiskoreatours.com/wp-content/uploads/2017/03/Namdaemun-Market.jpg,Namdaemun Market - Google Maps,"200-1,000"
Shopping,Olive Young Myeongdong Flagship,Seoul,Jung-gu,เป็นร้านที่รวมเครื่องสำอางค์ทุกแบรนด์ไว้ในร้านนี้,https://cf.creatrip.com/original/blog/12452/f5lf5kmaq2zzmw2y37fmaqansoqts75a.png,Olive Young Myeongdong Flagship - Google Maps,
Shopping,Paju Premium Outlets,Seoul,Tanhyeon-myeon,เป็นสวรรค์ของการช็อปปิ้ง คุณสามารถที่จะหาเสื้อผ้าและเครื่องประดับในราคาถูกได้ตามอันเดอร์กราวน์ช็อปปิ้ง,https://thisiskoreatours.com/wp-content/uploads/2020/06/Paju-Premium-Outlets.jpg,Paju Premium Outlets - Google Maps,
Shopping,Samcheong-dong,Seoul,Jongno-gu,เป็นหมู่บ้านขนาดใหญ่ที่มีอาคารบ้านเรือนเก่าแก่อายุหลายศตวรรษซึ่งภายในมีเวิร์กช็อปงานฝีมือ โรงน้ำชา และพิพิธภัณฑ์ขนาดเล็กมากมาย ในขณะที่สถานที่อื่นๆ ก็มีแกลเลอรี เช่น พิพิธภัณฑ์ศิลปะทันสมัยและร่วมสมัยแห่งชาติ และแกลเลอรีกุกเจที่มีการจัดแสดงผลงานศิลปะแนว Avant-garde นอกจากนี้ ยังมีร้านบูติกท้องถิ่นสุดอินดี้ที่ขายงานฝีมือและของที่ระลึกต่างๆ ส่วนร้านอาหารก็มีให้เลือกมากมายทั้งคาเฟ่กลางแจ้งสุดแหวกแนวและร้านอาหารเกาหลีบรรยากาศสบายๆ,https://2.bp.blogspot.com/-gjBZ97DQZjI/WG-yF7sT36I/AAAAAAAAE-4/dlmiv3aGbVkpJT5WEJsaBmbZr43-lHI8ACEw/s1600/Samcheongdong06.JPG,,
Shopping,Shinsegae,Seoul,Jung-gu,ป็นย่านช้อปปิ้งที่ฮิตและคักคักที่สุดของกรุงโซล ดึงดูดนักท่องเที่ยวได้มากกว่า 1 ล้านคนต่อวัน อีกทั้งยังสามารถเดินทางได้สะดวก นับว่าเป็นศูนย์กลางของการเมือง เศรษฐกิจ และวัฒนธรรมเลยทีเดียว ภายในตลาดเมียงดงเต็มไปด้วยร้านค้า และร้านอาหารนับไม่ถ้วน เป็นหนึ่งในสถานที่ยอดฮิตของนักท่องเที่ยวและนักช้อป,https://dynamic-media-cdn.tripadvisor.com/media/photo-o/29/ad/a4/3a/caption.jpg?w=1200&h=-1&s=1,Shinsegae Department Store Main Store - Google Maps,
Shopping,Starfield COEX Mall,Seoul,Gangnam-gu,สตาร์ฟิลด์โคเอ็กซ์มอลล์ (Starfield COEX Mall) เป็นศูนย์การค้าที่ตั้งอยู่ใจกลางกรุงโซล ที่นี่เป็นแหล่งที่รวมแฟชั่น อาหาร วัฒนธรรม และความบันเทิงเข้าไว้ด้วยกัน ไฮไลท์ของที่นี่คือพื้นที่บริเวณห้องสมุดสตาร์ฟิลด์ (Starfield Library) ที่ชั้นบีหนึ่งที่ตกแต่งด้วยชั้นหนังสือขนาดขนาดมหึมาที่มีความสูงราวสองชั้นของห้างและมีพื้นที่กว้างขวางสำหรับเพลินกับหนังสือมากมาย นอกจากนี้สตาร์ฟิลด์โคเอ็กซ์มอลล์ยังมีร้านค้ากว่าสองร้อยร้านค้า และมีร้านอาหารและเครื่องดื่มให้เลือกอย่างหลากหลาย อีกทั้งยังมีจุดบริการไปรษณีย์ โรงภาพยนตร์ และส่วนของพิพิธภัณฑ์สัตว์น้ำอีกด้วย ที่นี่จึงเป็นแหล่งชอปปิงขนาดใหญ่ที่มีมุมพักผ่อนและมุมถ่ายภาพสวยๆ อีกแห่งหนึ่งของกรุงโซลที่ไม่ควรพลาด,https://images.squarespace-cdn.com/content/v1/5842da745016e1d55a2b1c43/06eacb20-8f88-449e-a23b-f2f8de1f06c2/starfield+library+coex+mall+bookcases,Starfield Coex Mall - Google Maps,-
Shopping,The Hyundai Seoul,Seoul,Yeongdeungpo-gu,ห้างเปิดใหม่ไม่นานของเกาหลี เป็นที่ที่รวมเอาทุกอย่างไว้ในห้างนี้ ทั้งแบรนด์เนม แบรนด์ดีไซน์เนอร์เกาหลี อาหาร คือเดินได้ทั้งวัน ตั้งแต่เช้ายันเย็น,https://pbs.twimg.com/media/EvCdAfWVIAEWL76.jpg,The Hyundai Seoul - Google Maps,
Shopping,,Seoul,,,,,
Shopping,,Seoul,,,,,
Shopping,,Seoul,,,,,
Shopping,,Seoul,,,,,
Shopping,,Seoul,,,,,
Shopping,,Seoul,,,,,
Surgery,Banobagi Plastic Surgery2,Seoul,gangnam,Banobagi Plastic Surgery 2 มีชื่อเสียงด้านการวินิจฉัยที่แม่นยำและความเชี่ยวชาญที่มาจากทีมผู้เชี่ยวชาญที่มีประสบการณ์อันยาวนาน เป็นที่รู้จักในการเสริมความงามที่แท้จริง คลินิกนี้ได้สร้างชื่อเสียงขึ้นจากความเป็นเลิศของมาตรฐานการให้บริการนานาประเภท และเป็นจุดหมายหลักสำหรับผู้ที่ต้องการเพิ่มความงามที่แท้จริงของตนเอง ทีมผู้เชี่ยวชาญของคลินิกมีความเข้าใจลึกซึ้งในกระบวนการต่างๆ ทำให้มั่นใจว่าความต้องการและความปรารถนาที่เฉพาะตัวของแต่ละบุคคลจะได้รับการดูแลอย่างเหมาะสมและมืออาชีพ ตั้งแต่ขั้นตอนการปรึกษาจนถึงการดูแลหลังกระบวนการ Banobagi Plastic Surgery 2 มุ่งมั่นที่จะนำไปสู่ผลลัพธ์ที่ยอดเยี่ยมและประสบการณ์ที่ให้ความสำคัญกับความสะดวกสบายและความเชื่อมั่นของคุณ,https://experts-medical.com/wp-content/uploads/2019/03/md_201704070206_58e7567b0b900-original.jpg,https://maps.app.goo.gl/L4zgNkAr5XdhrNtj9,
Surgery,ID Hospital,Seoul,gangnam-gu,ที่ id hospital korea เป็นสถานที่ที่พร้อมมอบความงามให้กับคุณในทุกช่วงเวลา ด้วยทีมแพทย์ผู้เชี่ยวชาญด้านความงามที่เติมเต็มความต้องการของคุณอย่างไม่มีที่สิ้นสุด ดินแดนมหัศจรรย์แห่งความงามจะคอยอยู่เคียงข้างคุณตลอดเวลา การเติมเต็ม การขยาย และการพัฒนาความงามจะอยู่เสมอสำหรับคุณที่ id hospital korea,https://images.adsttc.com/media/images/5a6b/19b2/f197/ccbe/7700/043a/large_jpg/ID_Hospital_L'eau_Design_%C2%AE%C5%93Shin__Kyungsub_(5).jpg?1516968323,https://maps.app.goo.gl/q2PUswVp8jTNdmAb6,"25,000"
Surgery,Lienjang Plastic Surgery Dermatology Korea,Seoul,seocho-gu,LIENJANG Dermatology and Skin Care Clinic ที่อยู่ใน Kyobo Tower Center เป็นคลินิกด้านผิวหน้าและดูแลผิวที่น่าสนใจในกรุงโซล ที่นี่มีบริการด้านดัชนีการดูแลผิวหน้าที่ครบวงจร ทำให้คุณสามารถพบกับการรักษาผิวที่เหมาะสมและการแก้ปัญหาผิวหน้าที่คุณต้องการ ตั้งอยู่ในตึก Kyobo Tower Center ที่มีทำเลที่สะดวกและเป็นศูนย์กลางในการดูแลความงามของคุณ,https://enlienjang.com/wp-content/uploads/elementor/thumbs/DSC01249-1cr-scaled-pl5vf49faz8165zdqospo04iskq698fbblwyxkttbk.jpgg,https://maps.app.goo.gl/qXSQKz4ZTNZ1Bqbg9,"500-40,500"
Surgery,Dream Plastic Surgery,Seoul,,,,,"33,000"
Surgery,EU Maxillofacial & Dental Center,Seoul,,,,,-
Surgery,GYALUMHAN Surgery Clinic,Seoul,,,,,"240,000-250,000"
Surgery,NANA Plastic Surgery,Seoul,gangnam,NANA Plastic Surgery เป็นคลินิกศัลยกรรมเครื่องราชินีในกรุงโซล ที่มีความเชี่ยวชาญในการดูแลและปรับรูปหน้าตา ด้วยทีมแพทย์ที่ชำนาญและเทคโนโลยีที่ทันสมัย ที่นี่มุ่งหวังที่จะทำให้คุณมีความประทับใจในรูปลักษณ์ของคุณ สถานที่นี้เสนอบริการด้านการปรับรูปหน้าตาและการดูแลความงามที่ครอบคลุมทุกด้าน ด้วยพื้นที่ที่ทันสมัยและบรรยากาศที่น่าสบาย คุณจะได้รับบริการดีๆ จาก NANA Plastic Surgery,https://images.myguide-cdn.com/seoul/companies/nana-plastic-surgery/large/nana-plastic-surgery-624012.jpg,https://maps.app.goo.gl/sjkfNcdKYsL5oa6S7,
Surgery,View Plastic Surgery,Seoul,gangnam-gu,เทคโนโลยีทางการแพทย์ที่ใช้ในคลินิก View Plastic Surgery ได้รับการรับรองจากทั่วโลกเป็นอย่างมาก ที่นี่คุณจะได้พบกับทีมแพทย์ทางการแพทย์ที่เชี่ยวชาญและมีประสบการณ์มากมาย ทำให้คุณมั่นใจในการเลือกใช้บริการทางด้านความงามระบบความปลอดภัยที่ถูกต้องและทันสมัยของคลินิกได้รับการจับตามองอย่างแพร่หลาย มันเป็นหนึ่งในเหตุผลที่นักบริการทั่วโลกเลือกมาเยือน View Plastic Surgery ไม่ว่าจะเป็นการปรับรูปหน้าตาหรือการดูแลความงาม ที่นี่เป็นสถานที่ที่ทุกคนสามารถค้นพบความรู้สึกเชื่อมั่นและความงามที่ดีกว่าที่เคย,https://medtour.help/wp-content/uploads/2023/06/view_plastic_surgery.jpeg,https://maps.app.goo.gl/9w9PPxbWfYqjNhYXA,
tourist attraction,ARC.N.BOOK,Seoul,,,,,Free
tourist attraction,COEX Aquarium,Seoul,,,,,550-700
tourist attraction,Ihwa Mural Village,Seoul,,,,,Free
tourist attraction,K-Star Road,Seoul,,,,,Free
tourist attraction,Seoul Forest,Seoul,,,,,Free
,(Abiju Clinic Myeongdong),Seoul,,,,,
,🇺🇳 Joint Security Area (JSA),Jinseo-myeon,,,,,
,Banpo Bridge,Seoul,,,,,
,Bukcheon Hanok,Seoul,,,,,
,Bukchon Hanok Village,Seoul,,,,,
,C.Though Cafe,Seoul,,,,,
,Central Park,Incheon,,,,,
,Cha-teul,Seoul,,,,,
,Check Grow,Seoul,,,,,
,Cheonggye Plaza,Seoul,,,,,
,Cheonggyecheon,Seoul,,,,,
,Cheonggyecheon Museum,Seoul,,,,,
,Cheongsudang Café,Seoul,,,,,
,Chinatown Incheon,Incheon,,,,,
,Dalmaji-gil Road, Busan,,,,,
,Deoksugung,Seoul,,,,,
,Deoksugung Palace,Seoul,,,,,
,Dongdaemun Design Plaza,Seoul,,,,,
,Eurwangni Beach,Incheon,,,,,
,Ewha 52nd Street,Seoul,,,,,
,Ewha Street,Seoul,,,,,
,Forest Outings,Goyang-daero,,,,,
,Freedom Park,Incheon,,,,,
,Gaehangjang (Open Port Area) Street,Incheon,,,,,
,Gamcheon Culture Village, Busan,,,,,
,Ganghwa seaside resort luge,Incheon,,,,,
,Ganghwado,Incheon,,,,,
,Ganghwasanseong Fortress,Incheon,,,,,
,Garosu-gil,Seoul,,,,,
,"Haedong Yonggungsa Temple, Busan", Busan,,,,,
,Haeundae Blueline park(Sky capsule), Busan,,,,,
,Hangang Park,Seoul,,,,,
,Hongik Univ.,Seoul,,,,,
,Ikseondong Hanok Village,Seoul,,,,,
,Incheon Gyu Middle School,Incheon,,,,,
,Insadong,Seoul,,,,,
,Jagalchi Marke, Busan,,,,,
,Jajangmyeon Museum,Incheon,,,,,
,Jeondeungsa Temple,Incheon,,,,,
,Jinhae-gu,Changwon,,,,,
,Jogyesa Temple,Seoul,,,,,
,Jukseong Dream Filming Site, Busan,,,,,
,Jungsik Seoul,Seoul,,,,,
,Lotte world,Seoul,,,,,
,Lotte Young Plaza,Seoul,,,,,
,MAN JOK OH HYANG JOKBAL (City Hall Branch),Seoul,,,,,
,Memorial Hall for Incheon Landing Operation,Incheon,,,,,
,Millim,Seoul,,,,,
,Mondrian Seoul Itaewon,Seoul,,,,,
,Mukshidonna Samcheongdong,Seoul,,,,,
,Muuido,Incheon,,,,,
,Myeongdong Kyoja Itaewon,Seoul,,,,,
,Nami Island,Gangwon-do,,,,,
,Odusan unification tower,Gyeonggi-do,,,,,
,Oryukdo Skywalk, Busan,,,,,
,Osulloc Tea House Bukcheon,Seoul,,,,,
,Paju Premium Outlets,Gyeonggi-do,,,,,
,Paridise City,Incheon,,,,,
,petite france and italian village korea,Gyeonggi-do,,,,,
,Samcheong-dong Street ,Seoul,,,,,
,Samcheong-dong Street ,Seoul,,,,,
,Seoul Choo Cafe,Seoul,,,,,
,Seoul Katsu,Seoul,,,,,
,Simmons Grocery Store,Seoul,,,,,
,Sincheon dong,Seoul,,,,,
,Sinpo Cultrual Street,Incheon,,,,,
,Sochang Experience Hal,Incheon,,,,,
,Songdo Bay Station , Busan,,,,,
,Songdo Yonggung Suspension Bridge, Busan,,,,,
,Songwol-dong Fairy Tale Village,Incheon,,,,,
,T(ER)T(ER),Seoul,,,,,
,The Forest Choso Chaekbang (Cafe),Seoul,,,,,
,Tongin Traditional Market,Seoul,,,,,
,Tosokchon (Samgyetang),Seoul,,,,,
,Triple Street,"Songdo-dong,",,,,,
,Wangbijib Myeongdong,Seoul,,,,,
,Wolmi Theme Park,Incheon,,,,,
,Wonder Box,Incheon,,,,,